date,latitude,longitude,fire_occurred,temperature_2m_mean,relative_humidity_2m_mean,precipitation_sum,wind_speed_10m_max
2023-01-01,36.47,6.18,0,9.0,61,0.0,9.0
2023-01-01,36.6,6.84,0,14.5,40,0.0,16.6
2023-01-01,37.15759,13.8772,1,12.1,83,0.0,10.8
2023-01-01,37.21299,15.16982,1,13.2,79,0.0,8.5
2023-01-01,37.46,18.44,0,16.7,78,0.6,16.4
2023-01-01,37.68225,15.14353,1,13.0,77,0.0,6.3
2023-01-01,37.74898,15.00801,1,-3.2,83,0.0,8.3
2023-01-01,37.74898,15.02903,1,1.3,83,0.0,8.3
2023-01-01,37.74966,15.03176,1,1.3,83,0.0,8.3
2023-01-01,37.74967,15.0316,1,1.3,83,0.0,8.3
2023-01-01,37.75122,15.03431,1,1.3,83,0.0,8.3
2023-01-01,37.7558,15.02279,1,-2.6,84,0.0,5.6
2023-01-01,37.756,15.0156,1,-2.6,84,0.0,5.6
2023-01-01,37.94,11.14,0,16.6,85,0.0,25.2
2023-01-01,37.95819,16.06235,1,12.5,65,0.0,12.0
2023-01-01,37.96349,16.06364,1,12.5,65,0.0,12.0
2023-01-01,38.19,16.2,0,13.6,69,0.0,6.3
2023-01-01,38.19,18.63,0,16.5,81,0.1,16.4
2023-01-01,38.35,12.8,0,16.1,75,0.0,15.7
2023-01-01,38.71,16.15,0,10.7,85,0.0,6.4
2023-01-01,38.79174,15.21122,1,10.9,83,0.0,12.0
2023-01-01,38.79514,15.21366,1,13.9,83,0.0,12.0
2023-01-01,38.90536,16.50627,1,11.2,79,0.0,10.7
2023-01-01,39.09,10.78,0,16.3,87,0.0,20.6
2023-01-01,39.42,11.54,0,16.1,88,0.0,18.6
2023-01-01,39.83,8.1,0,16.1,79,0.0,28.0
2023-01-01,40.22,10.51,0,16.1,85,0.0,18.6
2023-01-01,40.4,17.63,0,11.5,88,0.0,9.0
2023-01-01,40.5006,17.21562,1,10.7,95,0.0,7.4
2023-01-01,40.50177,17.20169,1,11.0,87,0.0,6.9
2023-01-01,40.5028,17.20757,1,11.0,87,0.0,6.9
2023-01-01,40.50674,17.21377,1,11.0,87,0.0,6.9
2023-01-01,40.50781,17.20975,1,11.0,87,0.0,6.9
2023-01-01,40.50781,17.20988,1,11.0,87,0.0,6.9
2023-01-01,40.87,10.95,0,16.2,81,0.0,22.5
2023-01-01,41.13,17.45,0,14.7,87,0.0,14.8
2023-01-01,41.69,17.98,0,14.7,88,0.0,6.2
2023-01-01,41.71,9.78,0,14.9,87,0.0,16.9
2023-01-01,41.82,9.08,0,9.2,82,0.0,4.4
2023-01-01,42.16,14.28,0,9.9,89,0.0,5.7
2023-01-01,42.95,8.2,0,14.4,94,0.0,14.0
2023-01-01,43.27,9.99,0,15.9,83,0.0,24.3
2023-01-01,43.48,9.9,0,15.7,84,0.3,24.8
2023-01-01,43.77,11.08,0,10.1,94,0.0,6.6
2023-01-01,43.97,14.43,0,15.5,82,0.0,14.8
2023-01-01,44.86,8.78,0,7.2,94,0.5,7.2
2023-01-01,45.4,16.34,0,12.6,80,0.0,20.6
2023-01-01,45.93,15.64,0,11.4,82,0.0,16.8
2023-01-01,46.24,14.78,0,4.7,94,0.0,15.6
2023-01-01,47.0,8.3,0,10.3,72,0.0,9.7
2023-01-02,36.11,12.26,0,17.2,73,0.0,18.5
2023-01-02,36.53,15.56,0,16.3,79,0.0,13.5
2023-01-02,37.74685,15.01595,1,-1.8,82,0.0,5.8
2023-01-02,37.74861,15.00764,1,-3.8,81,0.0,5.8
2023-01-02,37.74947,15.01269,1,-3.8,81,0.0,5.8
2023-01-02,37.75552,15.03281,1,-2.3,87,0.0,4.8
2023-01-02,38.68,8.22,0,16.6,82,0.0,34.5
2023-01-02,38.79309,15.21373,1,11.1,75,0.0,18.3
2023-01-02,39.08134,9.02071,1,15.1,88,0.1,19.1
2023-01-02,40.49163,17.19554,1,11.6,85,0.0,7.6
2023-01-02,40.4986,17.20335,1,11.6,85,0.0,7.6
2023-01-02,40.50049,17.21438,1,11.6,85,0.0,7.6
2023-01-02,40.50262,17.20488,1,11.6,85,0.0,7.6
2023-01-02,40.50557,17.21117,1,11.6,85,0.0,7.6
2023-01-02,40.50893,17.17662,1,11.6,85,0.0,7.6
2023-01-02,40.51171,17.20322,1,11.6,85,0.0,7.6
2023-01-02,40.58,6.79,0,17.0,79,0.0,26.8
2023-01-02,40.62862,18.00053,1,11.3,92,0.0,9.4
2023-01-02,40.71,6.1,0,17.1,80,0.0,29.5
2023-01-02,41.3,17.81,0,14.5,90,0.0,14.8
2023-01-02,41.32016,15.08705,1,7.4,93,0.0,14.5
2023-01-02,42.88,9.48,0,14.0,92,0.0,21.6
2023-01-02,43.05,7.14,0,14.7,89,0.0,21.3
2023-01-02,44.4,7.01,0,-4.9,93,0.0,9.4
2023-01-02,44.77,8.22,0,7.8,95,1.0,6.9
2023-01-02,47.33,18.53,0,6.4,96,0.0,15.5
2023-01-03,36.49,15.5,0,16.5,83,0.0,21.6
2023-01-03,36.76,13.59,0,16.7,82,0.6,13.0
2023-01-03,37.08,6.32,0,16.0,59,0.0,10.0
2023-01-03,37.12177,15.21684,1,12.6,88,0.5,11.6
2023-01-03,37.21101,15.16919,1,12.7,86,0.0,7.9
2023-01-03,37.26,14.24,0,11.2,88,0.0,11.5
2023-01-03,37.29,18.75,0,16.5,70,0.0,19.1
2023-01-03,37.74686,15.00374,1,-3.6,67,0.0,3.7
2023-01-03,37.74781,15.01838,1,0.2,68,0.0,3.7
2023-01-03,37.7491,14.99047,1,-4.1,67,0.0,3.7
2023-01-03,37.75241,14.99127,1,-4.1,67,0.0,3.7
2023-01-03,37.75694,15.02549,1,-2.1,80,0.0,5.6
2023-01-03,37.75771,15.02092,1,-1.6,67,0.0,5.7
2023-01-03,37.8,11.39,0,16.9,77,0.0,28.0
2023-01-03,37.95644,14.61004,1,8.0,80,0.0,8.6
2023-01-03,37.95679,14.60815,1,8.0,80,0.0,8.6
2023-01-03,37.97,9.71,0,16.5,81,0.0,21.1
2023-01-03,38.01038,15.06688,1,8.2,85,0.0,12.1
2023-01-03,38.20454,15.26492,1,12.7,83,0.0,7.6
2023-01-03,38.78,16.21,0,12.3,88,0.0,8.6
2023-01-03,38.79281,15.21417,1,10.7,75,0.0,8.3
2023-01-03,38.79353,15.20983,1,10.7,75,0.0,8.3
2023-01-03,38.79609,15.21517,1,13.0,76,0.0,8.3
2023-01-03,38.79681,15.21082,1,13.7,76,0.0,8.3
2023-01-03,38.79753,15.20658,1,13.7,76,0.0,8.3
2023-01-03,38.79824,15.20234,1,15.7,76,0.0,8.3
2023-01-03,38.80009,15.21189,1,13.7,76,0.0,8.3
2023-01-03,38.80081,15.20763,1,13.7,76,0.0,8.3
2023-01-03,38.80341,15.2063,1,13.7,76,0.0,8.3
2023-01-03,39.32,12.49,0,16.4,82,0.0,23.1
2023-01-03,39.38,9.47,0,11.9,80,0.0,7.9
2023-01-03,39.46,7.83,0,16.5,83,0.0,17.9
2023-01-03,39.49,10.06,0,16.0,85,0.0,24.6
2023-01-03,39.6,8.65,0,11.2,87,0.0,11.2
2023-01-03,39.77,14.56,0,15.9,75,0.0,7.3
2023-01-03,40.16,7.71,0,16.4,80,0.0,20.5
2023-01-03,40.32,8.88,0,6.9,74,0.0,5.4
2023-01-03,40.49313,17.1954,1,10.1,92,0.0,9.0
2023-01-03,40.50153,17.20807,1,10.1,92,0.0,9.0
2023-01-03,40.50319,17.21868,1,10.6,96,0.0,7.7
2023-01-03,40.5049,17.2091,1,10.1,92,0.0,9.0
2023-01-03,40.50826,17.21014,1,10.1,92,0.0,9.0
2023-01-03,40.51586,17.20743,1,10.1,92,0.0,9.0
2023-01-03,40.51923,17.20845,1,10.1,92,0.0,9.0
2023-01-03,40.62735,18.00241,1,12.2,90,0.3,14.0
2023-01-03,41.27,17.48,0,14.4,87,0.4,18.6
2023-01-03,41.31,17.28,0,14.3,87,0.1,18.8
2023-01-03,41.34,7.46,0,16.2,79,0.2,16.2
2023-01-03,42.08,8.8,0,8.8,79,0.0,6.1
2023-01-03,42.45,7.62,0,15.2,87,0.1,9.6
2023-01-03,43.59,10.32,0,12.4,90,1.1,14.7
2023-01-03,44.32,15.87,0,7.5,96,1.0,8.9
2023-01-03,44.35,14.52,0,14.1,85,0.0,12.7
2023-01-03,44.45,15.61,0,8.3,94,0.1,5.8
2023-01-03,44.79,10.5,0,8.2,93,1.3,5.8
2023-01-03,44.81,12.62,0,10.3,93,0.0,10.8
2023-01-03,45.39,13.28,0,10.9,92,0.1,12.5
2023-01-03,45.73,16.38,0,10.2,86,0.6,10.9
2023-01-03,45.97,14.36,0,9.4,95,0.7,10.8
2023-01-03,46.23,17.26,0,7.9,89,0.2,11.4
2023-01-04,36.24,8.74,0,8.5,71,0.0,12.5
2023-01-04,36.65,16.42,0,15.9,78,0.0,16.0
2023-01-04,36.99,7.15,0,11.9,87,3.0,16.3
2023-01-04,37.03,6.26,0,12.9,91,5.5,18.4
2023-01-04,37.12109,15.21868,1,12.0,83,0.0,9.0
2023-01-04,37.21,6.62,0,15.5,81,1.5,29.2
2023-01-04,37.21039,15.16813,1,11.8,83,0.0,8.9
2023-01-04,37.27,16.52,0,15.6,76,0.0,11.0
2023-01-04,37.51,16.94,0,15.5,78,0.2,10.7
2023-01-04,37.74813,15.0017,1,-5.0,84,0.2,4.5
2023-01-04,37.74937,14.99192,1,-5.6,84,0.2,4.5
2023-01-04,37.74944,15.02013,1,-1.3,84,0.2,4.5
2023-01-04,37.75013,15.02473,1,-1.3,84,0.2,4.5
2023-01-04,37.75079,15.02912,1,1.2,85,0.2,4.5
2023-01-04,37.75186,15.02975,1,1.2,85,0.2,4.5
2023-01-04,37.75288,14.9929,1,-5.6,84,0.2,4.5
2023-01-04,37.82,13.29,0,10.2,84,0.0,9.7
2023-01-04,37.87,6.01,0,15.8,78,1.3,21.3
2023-01-04,37.89315,15.24109,1,9.7,78,0.0,9.5
2023-01-04,37.92,9.89,0,15.8,82,0.0,24.4
2023-01-04,37.96406,16.05808,1,10.0,80,0.0,5.9
2023-01-04,38.01775,15.32037,1,6.9,90,0.0,11.9
2023-01-04,38.18,8.43,0,16.0,83,0.2,22.5
2023-01-04,38.79392,15.21389,1,10.7,74,0.1,11.2
2023-01-04,38.79464,15.20804,1,10.7,74,0.1,11.2
2023-01-04,38.79829,15.20809,1,13.7,75,0.1,11.2
2023-01-04,38.93,12.46,0,15.8,76,0.0,17.9
2023-01-04,39.08124,9.01826,1,12.6,86,0.1,7.7
2023-01-04,39.65,12.73,0,16.2,76,0.1,19.8
2023-01-04,40.08,10.3,0,15.5,83,0.1,22.3
2023-01-04,40.12,6.75,0,15.3,83,3.3,24.0
2023-01-04,40.49339,17.19526,1,11.9,81,0.0,13.0
2023-01-04,40.50094,17.21689,1,12.1,84,0.0,11.8
2023-01-04,40.50227,17.20729,1,11.9,81,0.0,13.0
2023-01-04,40.50268,17.21667,1,12.1,84,0.0,11.8
2023-01-04,40.505,17.21289,1,11.9,81,0.0,13.0
2023-01-04,40.50566,17.20809,1,11.9,81,0.0,13.0
2023-01-04,40.5084,17.2137,1,11.9,81,0.0,13.0
2023-01-04,40.50906,17.20889,1,11.9,81,0.0,13.0
2023-01-04,40.51105,17.19446,1,11.9,81,0.0,13.0
2023-01-04,40.5363,17.16712,1,11.9,81,0.0,13.0
2023-01-04,41.08726,16.0597,1,9.4,91,0.1,15.3
2023-01-04,41.15,12.3,0,15.8,77,0.6,19.2
2023-01-04,41.22328,16.27019,1,10.9,88,0.0,14.7
2023-01-04,41.32,6.7,0,14.6,84,3.8,24.3
2023-01-04,41.37,11.28,0,15.5,83,0.0,15.5
2023-01-04,41.9,15.39,0,10.8,94,0.3,20.9
2023-01-04,42.88,16.38,0,15.0,81,0.0,28.1
2023-01-04,43.66,13.23,0,9.1,96,0.0,12.0
2023-01-04,43.86,8.71,0,14.3,87,0.0,24.9
2023-01-04,44.12,18.73,0,1.5,92,0.0,10.3
2023-01-04,45.11,10.92,0,8.7,97,0.0,9.7
2023-01-04,45.21,13.84,0,9.4,95,0.0,7.3
2023-01-04,45.7815,8.68403,1,7.7,85,0.0,7.6
2023-01-04,45.84,6.76,0,0.7,72,0.0,6.1
2023-01-04,46.21,9.38,0,-1.6,70,0.0,6.7
2023-01-04,46.62,12.24,0,-7.0,87,0.0,9.7
2023-01-05,36.02,16.21,0,15.8,75,0.0,12.4
2023-01-05,37.09,13.5,0,14.6,81,0.0,17.6
2023-01-05,37.12101,15.21753,1,12.2,83,0.0,9.6
2023-01-05,37.12335,15.21741,1,12.2,83,0.0,9.6
2023-01-05,37.21107,15.16925,1,12.0,83,0.0,8.4
2023-01-05,37.4977,15.01079,1,11.3,76,0.0,9.0
2023-01-05,37.7431,15.03664,1,2.1,91,0.0,5.4
2023-01-05,37.75094,15.03542,1,1.2,91,0.0,5.4
2023-01-05,37.75168,14.99192,1,-6.7,90,0.0,5.4
2023-01-05,37.95857,14.13073,1,8.5,89,0.4,7.5
2023-01-05,38.78864,15.21772,1,12.0,75,0.6,15.5
2023-01-05,38.79467,15.21316,1,10.7,75,0.6,15.5
2023-01-05,38.86,13.24,0,15.7,75,0.0,11.5
2023-01-05,39.08064,9.02115,1,13.3,82,0.0,9.2
2023-01-05,39.08308,9.01663,1,13.3,82,0.0,9.2
2023-01-05,39.91,6.56,0,15.6,73,0.0,33.0
2023-01-05,40.5004,17.20658,1,11.4,85,0.0,10.4
2023-01-05,40.50107,17.20715,1,11.4,85,0.0,10.4
2023-01-05,40.50429,17.21766,1,11.4,88,0.0,10.8
2023-01-05,40.50523,17.20785,1,11.4,85,0.0,10.4
2023-01-05,40.50891,17.21346,1,11.4,85,0.0,10.4
2023-01-05,40.50939,17.20854,1,11.4,85,0.0,10.4
2023-01-05,40.5108,17.19369,1,11.4,85,0.0,10.4
2023-01-05,40.51817,17.20504,1,11.4,85,0.0,10.4
2023-01-05,40.81269,16.88695,1,10.7,82,0.0,14.0
2023-01-05,40.98658,17.10093,1,11.2,87,0.0,15.5
2023-01-05,41.73,8.88,0,11.5,86,2.4,9.8
2023-01-05,41.93,7.1,0,15.0,77,0.0,37.7
2023-01-05,42.35862,11.55977,1,11.3,91,0.6,18.2
2023-01-05,42.51,16.02,0,14.5,77,0.0,25.9
2023-01-05,42.71,14.24,0,11.5,89,0.0,13.0
2023-01-05,43.15,12.29,0,8.4,95,0.0,9.7
2023-01-05,43.33,17.41,0,6.2,85,0.3,10.6
2023-01-05,44.03,18.15,0,5.2,80,0.0,7.7
2023-01-05,44.75,15.69,0,4.8,96,0.0,18.5
2023-01-05,45.34,17.53,0,8.2,84,0.0,17.9
2023-01-05,45.38,10.51,0,8.7,92,0.0,20.8
2023-01-05,46.2,8.63,0,5.9,79,0.0,9.3
2023-01-05,46.43,9.58,0,-4.3,93,0.0,12.1
2023-01-05,47.49,16.22,0,7.7,77,6.7,11.7
2023-01-06,36.71,17.14,0,16.3,72,0.1,17.7
2023-01-06,37.1223,15.2178,1,12.8,79,0.2,11.8
2023-01-06,37.12271,15.21683,1,12.8,79,0.2,11.8
2023-01-06,37.21183,15.16922,1,12.8,77,0.2,11.9
2023-01-06,37.57,11.1,0,16.0,74,0.0,25.5
2023-01-06,37.74,14.68,0,10.7,77,0.0,8.4
2023-01-06,37.74771,15.01556,1,-2.4,93,2.1,5.8
2023-01-06,37.7478,15.03727,1,1.3,93,2.1,5.8
2023-01-06,37.74869,15.03577,1,1.3,93,2.1,5.8
2023-01-06,37.75242,15.03125,1,0.1,93,2.1,5.8
2023-01-06,37.75654,15.02986,1,-3.0,91,1.3,9.2
2023-01-06,37.75669,15.02643,1,-3.0,91,1.3,9.2
2023-01-06,37.75683,15.02304,1,-3.2,90,1.8,6.2
2023-01-06,37.75698,15.0195,1,-3.2,90,1.8,6.2
2023-01-06,37.75714,15.01578,1,-3.2,90,1.8,6.2
2023-01-06,38.0,15.42,0,14.4,77,0.1,10.2
2023-01-06,38.00267,13.57999,1,9.4,91,1.6,8.7
2023-01-06,38.96,6.92,0,15.9,66,0.0,17.0
2023-01-06,39.03,9.97,0,15.5,76,0.1,20.0
2023-01-06,39.08,17.91,0,15.4,78,0.0,27.2
2023-01-06,39.08143,9.01627,1,13.0,84,0.7,10.8
2023-01-06,39.08174,9.01684,1,13.0,84,0.7,10.8
2023-01-06,39.98,16.69,0,13.5,74,0.0,11.0
2023-01-06,40.50531,17.20846,1,11.3,83,0.0,11.9
2023-01-06,40.50854,17.20488,1,11.3,83,0.0,11.9
2023-01-06,40.50967,17.20919,1,11.3,83,0.0,11.9
2023-01-06,40.51069,17.20899,1,11.3,83,0.0,11.9
2023-01-06,40.51629,17.20519,1,11.3,83,0.0,11.9
2023-01-06,40.51641,17.20698,1,11.3,83,0.0,11.9
2023-01-06,40.52167,17.2058,1,11.3,83,0.0,11.9
2023-01-06,40.54,15.26,0,3.8,84,0.0,5.7
2023-01-06,40.71,6.33,0,15.7,71,0.2,35.5
2023-01-06,41.32,18.41,0,14.8,75,0.1,22.8
2023-01-06,41.39,11.58,0,15.0,78,0.2,25.9
2023-01-06,41.87,14.41,0,6.3,84,0.0,7.7
2023-01-06,42.09,18.25,0,14.8,72,0.0,17.9
2023-01-06,42.19,16.52,0,15.0,72,0.0,18.8
2023-01-06,42.29,7.36,0,14.7,68,0.1,18.1
2023-01-06,42.74,14.93,0,14.2,78,0.0,9.4
2023-01-06,44.85,6.78,0,-1.2,51,0.0,4.7
2023-01-06,45.07,17.26,0,8.4,83,0.0,8.4
2023-01-06,45.51,17.13,0,8.2,84,0.0,10.1
2023-01-06,46.54,13.02,0,3.4,86,0.0,8.3
2023-01-07,36.51,17.88,0,16.3,69,0.3,18.3
2023-01-07,36.72,9.82,0,11.5,80,0.0,10.3
2023-01-07,37.11975,15.21862,1,13.0,84,0.1,10.0
2023-01-07,37.20932,15.16784,1,12.8,82,0.0,7.1
2023-01-07,37.64,13.76,0,9.2,89,0.1,14.8
2023-01-07,37.75138,15.03119,1,-0.3,93,0.7,5.4
2023-01-07,37.75332,15.02964,1,-0.3,93,0.7,5.4
2023-01-07,37.75779,15.03132,1,-3.1,95,1.7,8.5
2023-01-07,38.20383,15.26809,1,13.4,86,1.8,12.4
2023-01-07,39.06,6.08,0,16.1,66,0.0,30.8
2023-01-07,39.08088,9.01681,1,12.7,81,0.0,9.4
2023-01-07,39.58,11.99,0,15.4,77,0.5,16.5
2023-01-07,39.75343,8.56845,1,11.9,84,0.1,9.1
2023-01-07,40.50108,17.20408,1,11.2,84,0.0,12.3
2023-01-07,40.50274,17.21716,1,11.3,90,0.1,9.3
2023-01-07,40.50407,17.21149,1,11.2,84,0.0,12.3
2023-01-07,40.51239,17.19639,1,11.2,84,0.0,12.3
2023-01-07,40.51769,17.20559,1,11.2,84,0.0,12.3
2023-01-07,40.51973,17.20548,1,11.2,84,0.0,12.3
2023-01-07,40.6936,14.72998,1,8.6,87,0.2,4.7
2023-01-07,41.23,7.19,0,16.2,68,0.2,30.7
2023-01-07,41.32,16.04,0,8.0,90,0.0,9.5
2023-01-07,42.13,9.2,0,7.3,84,0.0,6.2
2023-01-07,42.68,15.37,0,14.2,79,0.0,9.4
2023-01-07,43.15,6.09,0,11.6,88,3.3,11.8
2023-01-07,46.27,6.53,0,3.0,67,0.0,7.6
2023-01-07,46.6,15.31,0,5.1,81,0.0,19.1
2023-01-07,47.14,16.2,0,2.8,92,0.0,10.2
2023-01-07,47.16,18.48,0,5.5,91,0.0,12.3
2023-01-08,36.09,17.69,0,16.5,68,0.5,28.6
2023-01-08,36.35,8.28,0,10.0,48,0.0,15.0
2023-01-08,36.8182,14.51043,1,13.2,81,0.0,12.5
2023-01-08,36.83,6.58,0,10.8,66,0.0,10.5
2023-01-08,36.96,12.6,0,15.9,72,0.0,23.7
2023-01-08,37.11977,15.2179,1,12.5,77,0.0,10.9
2023-01-08,37.21,13.98,0,10.5,87,0.0,14.6
2023-01-08,37.21239,15.17073,1,12.8,75,0.0,16.2
2023-01-08,37.24,8.93,0,15.6,68,0.0,18.3
2023-01-08,37.25,7.64,0,16.0,67,0.0,22.0
2023-01-08,37.32,15.14,0,12.9,78,0.0,14.8
2023-01-08,37.74812,15.0312,1,-0.6,91,1.2,7.2
2023-01-08,37.75,14.49,0,8.8,78,0.0,8.5
2023-01-08,37.75156,15.03199,1,-0.6,91,1.2,7.2
2023-01-08,38.20266,15.26714,1,13.4,86,1.6,12.4
2023-01-08,39.28,17.35,0,14.4,81,0.0,29.2
2023-01-08,39.3,11.17,0,16.0,70,0.1,42.2
2023-01-08,39.65,7.1,0,16.9,74,1.0,51.0
2023-01-08,40.4928,17.19444,1,10.5,90,0.0,9.9
2023-01-08,40.50132,17.20852,1,10.5,90,0.0,9.9
2023-01-08,40.50235,17.20323,1,10.5,90,0.0,9.9
2023-01-08,40.50279,17.2203,1,11.5,90,0.0,10.5
2023-01-08,40.50383,17.21499,1,10.5,90,0.0,9.9
2023-01-08,40.50838,17.21087,1,10.5,90,0.0,9.9
2023-01-08,40.51145,17.19501,1,10.5,90,0.0,9.9
2023-01-08,40.51999,17.20905,1,10.5,90,0.0,9.9
2023-01-08,41.67666,14.99387,1,9.4,83,0.0,25.5
2023-01-08,41.67779,14.99151,1,9.4,83,0.0,25.5
2023-01-08,41.68095,14.99281,1,9.4,83,0.0,25.5
2023-01-08,41.83,9.05,0,9.5,99,57.4,19.1
2023-01-08,42.1,11.42,0,15.2,76,2.0,49.8
2023-01-08,42.36,15.13,0,13.4,82,0.0,41.4
2023-01-08,42.54,9.88,0,15.2,83,6.6,54.0
2023-01-08,42.87,8.32,0,15.7,79,7.7,49.2
2023-01-08,43.94,11.58,0,8.9,94,9.9,26.2
2023-01-08,44.32,9.17,0,10.3,95,68.1,24.0
2023-01-08,44.71,16.99,0,8.6,75,0.0,22.5
2023-01-08,44.88,17.25,0,8.4,78,0.0,17.8
2023-01-08,46.01,15.58,0,8.2,80,0.0,18.1
2023-01-08,46.14,14.18,0,6.0,94,6.1,16.3
2023-01-09,37.12215,15.21721,1,13.9,73,0.3,29.4
2023-01-09,37.21227,15.16831,1,14.2,73,0.7,29.4
2023-01-09,37.74609,14.99952,1,-6.2,73,0.4,16.7
2023-01-09,37.74869,15.03051,1,0.0,74,0.4,16.7
2023-01-09,37.74928,15.02633,1,0.0,74,0.4,16.7
2023-01-09,38.20399,15.26555,1,14.1,73,10.3,37.0
2023-01-09,38.3,15.53,0,12.8,86,3.8,31.0
2023-01-09,38.79413,15.21247,1,11.2,71,7.4,51.9
2023-01-09,40.49118,17.19377,1,13.6,75,0.4,30.9
2023-01-09,40.50334,17.21782,1,14.5,73,6.2,33.3
2023-01-09,40.5047,17.20876,1,13.6,75,0.4,30.9
2023-01-09,40.508,17.20962,1,13.6,75,0.4,30.9
2023-01-09,40.51859,17.20767,1,13.6,75,0.4,30.9
2023-01-09,40.95,6.31,0,14.7,70,7.3,68.1
2023-01-09,41.05,17.41,0,13.7,73,10.0,43.2
2023-01-09,41.34,9.17,0,13.9,72,1.6,50.6
2023-01-09,42.88,8.89,0,14.6,72,0.4,64.0
2023-01-09,43.16,14.32,0,14.8,75,6.2,55.3
2023-01-09,43.36,18.47,0,1.0,100,31.9,29.3
2023-01-09,43.59,16.04,0,10.8,91,40.7,32.8
2023-01-09,44.41,10.12,0,5.8,79,12.2,15.0
2023-01-09,46.06,13.22,0,9.4,83,24.4,16.9
2023-01-09,46.45,10.87,0,-7.0,77,4.7,9.7
2023-01-10,36.26,9.1,0,11.2,76,0.8,32.4
2023-01-10,36.62,11.07,0,15.7,64,1.3,60.2
2023-01-10,37.17,17.59,0,14.8,65,4.8,56.4
2023-01-10,37.2101,15.16825,1,12.2,56,0.0,40.1
2023-01-10,37.26,7.33,0,16.4,63,0.4,44.6
2023-01-10,37.75246,15.03211,1,-4.1,89,4.7,16.5
2023-01-10,38.36,15.74,0,11.9,69,24.5,43.6
2023-01-10,39.02,18.59,0,13.5,71,6.2,52.0
2023-01-10,39.07965,9.01867,1,12.9,62,0.1,32.9
2023-01-10,39.08263,9.01655,1,12.9,62,0.1,32.9
2023-01-10,40.3,15.98,0,5.1,87,1.5,19.3
2023-01-10,40.50135,17.21589,1,10.7,74,3.0,36.4
2023-01-10,40.50269,17.20349,1,9.7,74,1.6,34.3
2023-01-10,40.51353,17.21189,1,9.7,74,1.6,34.3
2023-01-10,40.51804,17.20643,1,9.7,74,1.6,34.3
2023-01-10,40.71,13.9,0,10.6,61,3.8,39.0
2023-01-10,42.2,17.51,0,12.6,64,8.2,47.5
2023-01-10,43.43,8.89,0,14.5,53,0.0,39.4
2023-01-10,44.5,15.75,0,3.0,78,4.0,23.1
2023-01-10,44.68,10.59,0,7.9,44,0.0,29.4
2023-01-10,44.95,9.77,0,8.7,42,0.0,27.7
2023-01-10,44.96,17.68,0,5.0,90,23.2,24.0
2023-01-10,45.1438,9.9419,1,7.1,53,0.0,26.9
2023-01-10,45.14458,9.94394,1,7.1,53,0.0,26.9
2023-01-10,45.14465,9.94269,1,7.1,53,0.0,26.9
2023-01-10,45.14673,9.9411,1,7.1,53,0.0,26.9
2023-01-10,45.37915,11.94606,1,6.9,71,0.0,14.6
2023-01-10,45.42589,11.00014,1,5.5,60,0.0,12.8
2023-01-10,45.63883,9.61008,1,6.1,46,0.0,19.1
2023-01-10,46.22776,13.07721,1,6.0,66,0.0,15.2
2023-01-10,46.65,16.33,0,6.0,73,4.1,24.8
2023-01-10,46.82,10.89,0,-12.9,69,5.1,9.8
2023-01-11,37.21165,15.16945,1,12.7,52,0.0,26.9
2023-01-11,37.74898,15.0341,1,-3.7,84,0.0,9.0
2023-01-11,37.75115,15.02969,1,-3.7,84,0.0,9.0
2023-01-11,37.75132,15.02685,1,-3.7,84,0.0,9.0
2023-01-11,37.75311,15.01968,1,-6.2,84,0.0,9.0
2023-01-11,38.79229,15.21193,1,10.3,48,0.0,41.4
2023-01-11,38.79245,15.2127,1,10.3,48,0.0,41.4
2023-01-11,38.79491,15.19406,1,14.4,50,0.0,41.4
2023-01-11,38.79562,15.20848,1,13.3,49,0.0,41.4
2023-01-11,39.08055,9.01733,1,13.6,74,0.0,12.4
2023-01-11,39.3,7.4,0,16.1,71,0.0,35.5
2023-01-11,39.53,12.43,0,15.3,60,0.0,37.1
2023-01-11,39.58,12.71,0,15.5,57,0.2,38.6
2023-01-11,40.0,6.64,0,15.8,74,0.0,37.8
2023-01-11,40.31,12.53,0,15.2,58,0.0,37.8
2023-01-11,40.46,17.22,0,10.9,67,0.0,26.9
2023-01-11,40.69,13.15,0,15.0,53,0.0,39.8
2023-01-11,42.55,8.03,0,14.4,75,0.0,35.0
2023-01-11,42.94,12.05,0,5.6,67,0.0,10.2
2023-01-11,43.07,18.23,0,4.8,73,0.0,15.5
2023-01-11,44.78,14.18,0,9.4,62,0.0,17.2
2023-01-11,44.83,13.19,0,11.7,66,0.0,22.0
2023-01-11,45.05,6.29,0,-1.8,80,5.2,7.2
2023-01-11,45.14415,9.94199,1,3.8,77,0.7,9.3
2023-01-11,45.21,8.44,0,3.1,70,0.3,9.2
2023-01-11,45.38147,11.94697,1,4.8,66,0.0,10.6
2023-01-11,45.85,10.01,0,5.6,43,0.2,9.5
2023-01-11,46.37,17.97,0,3.2,78,0.0,22.6
2023-01-11,47.45,13.92,0,1.7,77,5.8,6.4
2023-01-12,36.1,11.38,0,16.5,71,0.0,47.2
2023-01-12,38.20327,15.2652,1,12.7,81,5.6,17.7
2023-01-12,38.79146,15.21375,1,9.6,67,5.9,25.1
2023-01-12,39.56536,8.7428,1,12.8,79,0.0,24.0
2023-01-12,40.50056,17.20942,1,9.1,76,0.0,10.4
2023-01-12,40.50226,17.2027,1,9.1,76,0.0,10.4
2023-01-12,40.50522,17.21146,1,9.1,76,0.0,10.4
2023-01-12,40.51625,17.20873,1,9.1,76,0.0,10.4
2023-01-12,40.53,8.09,0,13.6,75,0.0,26.0
2023-01-12,40.88673,17.16789,1,7.5,80,0.8,14.1
2023-01-12,40.88686,17.16826,1,7.5,80,0.8,14.1
2023-01-12,44.48,11.81,0,5.3,86,0.9,13.0
2023-01-12,44.94,16.26,0,2.0,79,0.0,9.1
2023-01-12,45.8,6.69,0,-2.6,78,0.1,8.0
2023-01-12,47.16,7.38,0,6.9,77,0.0,22.4
2023-01-12,47.46,17.81,0,5.6,84,3.5,17.8
2023-01-13,36.19,13.33,0,15.8,69,0.1,41.2
2023-01-13,37.74752,15.01244,1,-5.9,84,0.4,5.2
2023-01-13,37.75157,15.01865,1,-3.9,85,0.4,5.2
2023-01-13,37.79,17.7,0,14.5,65,0.1,32.8
2023-01-13,38.43,10.6,0,15.2,76,0.0,41.5
2023-01-13,38.79262,15.21183,1,10.2,57,0.0,24.2
2023-01-13,39.05,8.69,0,12.3,78,0.0,25.0
2023-01-13,39.07991,9.01939,1,13.7,74,0.0,19.1
2023-01-13,39.25,7.55,0,15.9,69,0.0,43.8
2023-01-13,39.96544,9.64155,1,11.2,81,0.0,9.7
2023-01-13,40.5027,17.20509,1,10.4,78,0.0,12.7
2023-01-13,40.50519,17.21252,1,10.4,78,0.0,12.7
2023-01-13,45.14376,9.94265,1,3.9,89,0.0,9.4
2023-01-13,45.78082,8.68307,1,6.1,79,0.0,11.0
2023-01-13,45.99,17.7,0,3.3,93,5.4,10.2
2023-01-14,36.85,7.06,0,9.8,83,0.3,11.3
2023-01-14,37.1468,14.7125,1,9.2,75,3.4,19.3
2023-01-14,37.91,18.12,0,14.5,70,2.5,35.3
2023-01-14,39.08054,9.01694,1,13.8,74,0.0,24.1
2023-01-14,39.67601,9.1291,1,9.6,84,0.0,22.7
2023-01-14,39.6768,9.13374,1,9.6,84,0.0,22.7
2023-01-14,39.95,18.26,0,8.9,87,0.9,16.6
2023-01-14,40.07,8.72,0,10.0,86,0.0,13.8
2023-01-14,40.36,7.39,0,15.7,69,0.0,42.7
2023-01-14,40.39936,9.60788,1,13.1,72,0.0,21.2
2023-01-14,40.52,11.4,0,15.1,76,0.0,38.8
2023-01-14,41.94,12.93,0,6.0,81,0.0,9.8
2023-01-14,42.35,16.98,0,13.4,56,0.4,31.0
2023-01-14,43.07,10.29,0,14.3,79,0.2,24.9
2023-01-14,43.83,8.05,0,10.1,76,0.0,10.5
2023-01-14,43.87,17.27,0,-1.4,88,2.5,24.2
2023-01-14,43.88,8.2,0,10.1,76,0.0,10.5
2023-01-14,44.49,15.39,0,4.0,88,4.0,11.2
2023-01-14,45.14369,9.94473,1,3.5,91,0.0,10.6
2023-01-14,45.14598,9.94143,1,3.5,91,0.0,10.6
2023-01-14,45.147,9.94377,1,3.5,91,0.0,10.6
2023-01-14,45.38017,11.94401,1,4.4,86,0.0,9.5
2023-01-14,45.4,18.74,0,4.3,91,1.7,8.5
2023-01-14,45.42808,11.00102,1,4.7,82,0.0,9.3
2023-01-14,45.45774,10.45962,1,5.3,87,0.0,10.1
2023-01-14,45.45823,10.45424,1,5.3,87,0.0,10.1
2023-01-14,45.46108,10.45679,1,5.3,87,0.0,10.1
2023-01-14,45.46238,10.45505,1,5.3,87,0.0,10.1
2023-01-14,45.78,7.65,0,-1.9,48,0.0,7.1
2023-01-14,45.78235,8.68368,1,5.0,75,0.0,10.8
2023-01-14,45.9,6.19,0,1.4,72,1.3,9.4
2023-01-14,46.00632,13.25101,1,4.8,84,0.0,8.0
2023-01-15,36.61,12.21,0,15.9,70,0.0,24.9
2023-01-15,37.21045,15.16983,1,12.9,68,0.0,18.7
2023-01-15,37.7487,15.01253,1,-5.9,79,0.0,6.6
2023-01-15,38.20288,15.26559,1,12.6,73,0.0,16.6
2023-01-15,38.20508,15.26645,1,12.7,73,0.0,16.6
2023-01-15,38.24,11.99,0,15.5,73,0.0,34.5
2023-01-15,38.27,16.29,0,10.9,72,0.0,14.1
2023-01-15,38.57,18.32,0,14.3,62,0.1,34.6
2023-01-15,38.79358,15.20658,1,10.5,60,0.0,22.7
2023-01-15,39.07951,9.01834,1,13.4,80,0.0,19.6
2023-01-15,39.0822,9.02005,1,13.4,80,0.0,19.6
2023-01-15,39.36,17.35,0,13.5,69,0.0,38.1
2023-01-15,39.69,12.73,0,15.4,73,0.0,39.6
2023-01-15,40.50027,17.20633,1,9.7,80,0.0,11.4
2023-01-15,40.50253,17.21778,1,10.3,81,0.0,11.6
2023-01-15,40.50384,17.20709,1,9.7,80,0.0,11.4
2023-01-15,40.50663,17.2111,1,9.7,80,0.0,11.4
2023-01-15,40.50676,17.21321,1,9.7,80,0.0,11.4
2023-01-15,40.50742,17.20785,1,9.7,80,0.0,11.4
2023-01-15,40.51815,17.21018,1,9.7,80,0.0,11.4
2023-01-15,40.61,8.45,0,13.1,83,1.1,29.9
2023-01-15,40.75,8.48,0,13.4,82,0.4,28.9
2023-01-15,40.76,6.13,0,15.1,78,0.0,39.2
2023-01-15,41.03,13.95,0,11.2,78,0.1,16.1
2023-01-15,41.09129,16.78815,1,10.1,73,0.0,19.7
2023-01-15,41.09496,16.78888,1,10.1,73,0.0,19.7
2023-01-15,41.57,8.33,0,15.4,75,0.0,39.4
2023-01-15,42.25,18.54,0,12.6,56,0.0,26.4
2023-01-15,43.29,11.8,0,7.8,91,1.6,17.1
2023-01-15,43.43988,10.49817,1,10.5,88,2.9,19.3
2023-01-15,43.6,12.25,0,3.6,96,3.5,17.7
2023-01-15,44.93,18.78,0,4.4,78,0.0,11.2
2023-01-15,45.15,10.77,0,4.8,96,8.6,7.4
2023-01-15,45.33,8.82,0,4.8,92,1.1,8.9
2023-01-15,45.64,17.2,0,6.6,69,0.0,17.3
2023-01-15,46.7,11.31,0,-6.5,91,2.3,6.6
2023-01-15,46.81,16.69,0,6.5,78,0.1,23.5
2023-01-16,37.21243,15.16823,1,13.2,74,0.0,24.8
2023-01-16,37.37818,14.93835,1,12.7,77,0.1,27.5
2023-01-16,37.74054,15.0351,1,0.8,79,1.6,15.5
2023-01-16,37.7471,15.02286,1,-3.8,78,1.6,15.5
2023-01-16,37.74725,15.03573,1,-0.1,79,1.6,15.5
2023-01-16,37.74955,15.00487,1,-7.5,78,1.6,15.5
2023-01-16,37.7533,15.02518,1,-1.2,79,1.6,15.5
2023-01-16,37.75388,15.01342,1,-5.7,78,1.6,15.5
2023-01-16,37.9,15.02,0,9.4,71,0.0,14.7
2023-01-16,38.79447,15.21471,1,10.4,73,1.9,49.3
2023-01-16,39.82,13.67,0,15.4,73,6.4,49.6
2023-01-16,40.33,12.62,0,15.0,73,2.3,44.8
2023-01-16,40.50246,17.21512,1,13.9,76,0.0,32.7
2023-01-16,40.50337,17.21594,1,13.9,76,0.0,32.7
2023-01-16,40.50748,17.20987,1,13.3,79,0.0,30.0
2023-01-16,40.50798,17.20394,1,13.3,79,0.0,30.0
2023-01-16,40.50836,17.21067,1,13.3,79,0.0,30.0
2023-01-16,40.50883,17.20473,1,13.3,79,0.0,30.0
2023-01-16,40.51788,17.2061,1,13.3,79,0.0,30.0
2023-01-16,40.51882,17.19415,1,13.3,79,0.0,30.0
2023-01-16,40.5224,17.20686,1,13.3,79,0.0,30.0
2023-01-16,44.37907,8.29311,1,3.2,89,0.0,15.6
2023-01-16,45.09959,8.87341,1,2.9,98,1.5,14.8
2023-01-16,45.10214,8.87366,1,2.9,98,1.5,14.8
2023-01-16,45.9,10.93,0,-0.8,91,0.7,4.2
2023-01-16,46.21,8.45,0,-11.0,70,3.3,10.4
2023-01-17,36.86,12.26,0,16.8,74,0.0,31.6
2023-01-17,37.38,14.03,0,11.0,87,0.2,23.8
2023-01-17,40.50344,17.20104,1,14.9,72,1.0,40.6
2023-01-17,40.50345,17.21074,1,14.9,72,1.0,40.6
2023-01-17,41.07,16.26,0,10.6,82,10.7,34.5
2023-01-17,45.1422,9.94221,1,4.1,96,7.9,17.6
2023-01-17,45.14559,9.94345,1,4.1,96,7.9,17.6
2023-01-17,46.55,10.77,0,-8.8,67,1.6,6.4
2023-01-18,37.94,7.19,0,12.4,76,13.9,57.8
2023-01-18,39.0814,9.02052,1,10.9,73,2.4,20.3
2023-01-18,39.35478,16.81537,1,11.4,65,3.0,32.4
2023-01-18,39.3559,16.81037,1,11.0,64,3.0,32.4
2023-01-18,39.45169,16.72038,1,9.8,69,3.0,34.3
2023-01-18,40.50098,17.20669,1,14.8,73,0.0,35.3
2023-01-18,40.51812,17.20807,1,14.8,73,0.0,35.3
2023-01-18,40.61,8.08,0,12.1,60,5.9,48.9
2023-01-18,41.54,6.14,0,10.5,64,2.2,55.0
2023-01-18,41.83,11.28,0,12.2,67,0.4,52.6
2023-01-18,42.23,17.51,0,15.3,72,4.6,54.2
2023-01-18,44.44,17.6,0,7.4,79,10.0,23.9
2023-01-18,45.14318,9.94079,1,3.4,94,1.4,10.2
2023-01-18,45.14651,9.94174,1,3.4,94,1.4,10.2
2023-01-19,37.20916,15.16929,1,10.8,64,0.0,24.2
2023-01-19,37.21249,15.17018,1,10.8,64,0.0,24.2
2023-01-19,38.20296,15.26477,1,10.2,75,4.2,31.7
2023-01-19,40.30655,8.67695,1,1.9,83,6.3,25.8
2023-01-19,43.48,12.32,0,2.8,93,4.2,15.9
2023-01-19,45.43,7.07,0,-20.8,71,0.4,8.7
2023-01-20,39.56,16.09,0,5.2,87,19.3,29.7
2023-01-20,45.46241,10.4557,1,1.1,84,0.0,12.5
2023-01-21,37.27,9.56,0,8.7,71,15.2,43.9
2023-01-21,37.69,18.78,0,14.2,60,1.0,52.7
2023-01-21,37.75001,15.02134,1,-9.0,78,0.1,17.8
2023-01-21,37.75414,15.02656,1,-6.4,78,0.1,17.8
2023-01-21,37.7545,15.02234,1,-9.0,78,0.1,17.8
2023-01-21,38.06,10.47,0,10.6,62,5.3,52.0
2023-01-21,39.91,7.74,0,9.2,66,6.6,55.5
2023-01-21,40.3,7.69,0,9.0,66,5.3,51.7
2023-01-21,40.50275,17.20474,1,9.6,75,6.7,44.6
2023-01-21,40.87,17.82,0,11.7,68,2.4,59.2
2023-01-21,41.33,15.31,0,3.9,80,5.2,26.6
2023-01-21,41.39,8.57,0,8.0,69,5.5,44.3
2023-01-21,41.61,16.99,0,9.9,76,2.5,52.5
2023-01-21,41.76,7.11,0,9.4,53,1.4,37.4
2023-01-21,42.05,8.1,0,9.2,59,3.4,44.9
2023-01-21,42.73,16.5,0,9.7,79,41.2,69.9
2023-01-21,43.15,17.07,0,7.7,67,33.0,57.1
2023-01-21,43.17,6.3,0,2.9,43,0.0,23.2
2023-01-21,43.43,10.57,0,4.1,56,0.1,24.7
2023-01-21,45.14381,9.94288,1,1.1,72,0.0,15.9
2023-01-21,45.14551,9.94012,1,1.1,72,0.0,15.9
2023-01-21,45.14612,9.94569,1,1.1,72,0.0,15.9
2023-01-21,45.14759,9.9398,1,1.1,72,0.0,15.9
2023-01-21,45.458,10.45509,1,2.5,56,0.0,15.2
2023-01-21,45.45905,10.45709,1,2.5,56,0.0,15.2
2023-01-21,45.78342,8.68186,1,3.6,38,0.0,17.8
2023-01-21,46.11,10.93,0,-8.7,55,0.0,10.8
2023-01-21,46.9,6.18,0,-5.9,83,0.0,23.0
2023-01-21,47.47,7.47,0,-5.1,84,0.8,16.7
2023-01-22,36.95,7.37,0,4.5,91,18.2,23.2
2023-01-22,37.71,12.03,0,9.7,70,7.9,38.4
2023-01-22,38.92,16.92,0,9.4,74,5.4,25.9
2023-01-22,39.35,6.24,0,9.6,71,7.3,49.4
2023-01-22,40.33822,17.95154,1,10.4,75,10.4,27.0
2023-01-22,40.3488,18.03615,1,9.8,78,7.4,24.8
2023-01-22,40.49992,17.20468,1,9.8,78,12.0,24.2
2023-01-22,40.50507,17.20964,1,9.8,78,12.0,24.2
2023-01-22,40.51044,17.21018,1,9.8,78,12.0,24.2
2023-01-22,40.51582,17.21082,1,9.8,78,12.0,24.2
2023-01-22,40.51604,17.20639,1,9.8,78,12.0,24.2
2023-01-22,40.52141,17.20702,1,9.8,78,12.0,24.2
2023-01-22,40.52165,17.20258,1,9.8,78,12.0,24.2
2023-01-22,42.57,16.97,0,10.8,75,32.9,54.8
2023-01-22,45.78234,8.68253,1,3.2,60,0.0,13.4
2023-01-22,46.73,8.75,0,-16.3,87,0.8,6.0
2023-01-22,46.91,8.15,0,-8.1,93,4.2,8.1
2023-01-23,39.08228,9.01965,1,7.9,77,0.6,13.5
2023-01-23,39.23,13.63,0,11.0,68,3.0,33.8
2023-01-23,40.49994,17.20772,1,8.6,81,0.8,21.2
2023-01-23,40.50294,17.21515,1,10.0,76,2.1,22.5
2023-01-23,40.50297,17.20331,1,8.6,81,0.8,21.2
2023-01-23,40.50594,17.2107,1,8.6,81,0.8,21.2
2023-01-23,40.51596,17.20856,1,8.6,81,0.8,21.2
2023-01-23,40.96571,17.12142,1,7.8,78,0.0,27.6
2023-01-23,44.02,16.26,0,4.2,77,10.0,18.4
2023-01-24,36.90268,14.72536,1,5.6,80,6.3,22.7
2023-01-24,38.79396,15.21237,1,8.4,58,0.7,32.4
2023-01-24,39.17,16.33,0,4.4,73,0.0,10.9
2023-01-24,39.21,17.13,0,8.5,80,0.1,11.5
2023-01-24,39.47,17.88,0,13.4,61,0.1,23.4
2023-01-24,40.09,7.69,0,11.1,67,11.2,32.7
2023-01-24,40.15,15.44,0,7.6,74,0.0,15.1
2023-01-24,40.33,12.11,0,12.2,63,2.4,35.3
2023-01-24,40.50109,17.2061,1,8.8,79,0.0,10.0
2023-01-24,40.50149,17.21614,1,8.7,83,0.0,9.4
2023-01-24,40.50254,17.21787,1,8.7,83,0.0,9.4
2023-01-24,40.50814,17.20844,1,8.8,79,0.0,10.0
2023-01-24,40.62903,17.99848,1,8.5,81,0.0,11.8
2023-01-24,40.77,8.05,0,7.9,78,0.6,13.6
2023-01-24,40.96,12.35,0,12.2,64,4.4,39.3
2023-01-24,42.19,15.98,0,11.7,73,4.1,28.4
2023-01-24,42.25,14.59,0,6.6,79,2.9,16.9
2023-01-24,42.48,14.73,0,11.5,75,6.5,29.1
2023-01-24,42.56939,12.67513,1,4.0,83,0.0,8.6
2023-01-24,42.86,12.25,0,3.6,90,0.0,16.6
2023-01-24,43.52,11.78,0,4.0,87,0.0,19.8
2023-01-24,45.0,7.04,0,-9.0,94,30.9,10.0
2023-01-24,45.14125,9.93017,1,6.1,86,2.4,15.9
2023-01-24,45.14285,9.94933,1,6.1,86,2.4,15.9
2023-01-24,45.14354,9.94323,1,6.1,86,2.4,15.9
2023-01-24,45.14492,9.93101,1,6.1,86,2.4,15.9
2023-01-24,45.14561,9.94339,1,6.1,86,2.4,15.9
2023-01-24,45.14721,9.94409,1,6.1,86,2.4,15.9
2023-01-24,45.1479,9.93798,1,6.1,86,2.4,15.9
2023-01-24,45.14859,9.93187,1,6.1,86,2.4,15.9
2023-01-24,45.15157,9.93883,1,6.1,86,2.4,15.9
2023-01-24,45.17611,10.79648,1,7.4,77,2.9,19.2
2023-01-24,45.4783,10.21314,1,5.6,80,0.8,12.0
2023-01-24,46.07,12.43,0,0.6,88,4.2,6.8
2023-01-24,46.09,18.06,0,4.8,89,3.4,11.6
2023-01-24,46.17,15.95,0,0.9,99,5.4,15.5
2023-01-24,46.38,8.65,0,-2.0,59,0.0,8.0
2023-01-25,36.17,6.49,0,2.5,83,4.2,14.1
2023-01-25,37.8,17.15,0,13.5,78,7.1,35.6
2023-01-25,38.20446,15.26519,1,10.9,80,10.0,10.3
2023-01-25,38.96,14.62,0,12.0,72,5.2,41.9
2023-01-25,41.41,11.76,0,12.0,69,1.1,35.4
2023-01-25,42.57243,12.67368,1,6.2,80,0.7,15.3
2023-01-25,43.85,8.48,0,10.7,71,0.1,51.1
2023-01-25,45.0,8.65,0,4.4,89,2.5,13.5
2023-01-25,45.08,6.84,0,-13.4,86,4.5,5.9
2023-01-25,45.14642,9.94354,1,6.1,85,1.9,14.8
2023-01-25,45.47847,10.21292,1,5.8,86,0.5,8.7
2023-01-25,46.48219,11.33279,1,6.1,62,0.0,5.4
2023-01-26,36.64,13.83,0,10.8,69,5.7,30.3
2023-01-26,38.48,17.06,0,12.0,70,2.4,22.7
2023-01-26,40.50166,17.21783,1,9.7,89,7.7,13.9
2023-01-26,40.51834,17.20841,1,9.5,88,10.4,12.2
2023-01-26,40.83,10.54,0,11.3,73,16.2,38.4
2023-01-26,41.62,15.31,0,7.3,87,15.3,31.0
2023-01-26,41.8,16.23,0,9.3,93,16.9,14.7
2023-01-26,42.41,7.18,0,11.2,65,0.0,41.3
2023-01-26,43.6,12.62,0,3.7,88,2.9,18.2
2023-01-26,45.14407,9.94204,1,3.4,79,0.0,10.7
2023-01-26,45.14408,9.93976,1,3.4,79,0.0,10.7
2023-01-26,45.14449,9.93938,1,3.4,79,0.0,10.7
2023-01-26,45.3822,11.94904,1,3.4,67,0.0,18.4
2023-01-26,45.61746,12.56422,1,4.2,63,0.0,20.2
2023-01-26,46.04,13.96,0,-3.0,87,0.6,25.0
2023-01-26,46.22834,13.07644,1,2.2,67,0.0,13.3
2023-01-26,46.2308,13.07374,1,2.2,67,0.0,13.3
2023-01-27,36.56,16.8,0,12.4,69,2.4,29.7
2023-01-27,36.91,12.08,0,11.5,77,23.7,48.7
2023-01-27,36.98,16.52,0,12.1,68,5.1,28.5
2023-01-27,37.03,11.24,0,11.5,77,17.6,45.9
2023-01-27,37.2097,15.16791,1,8.6,78,0.1,15.0
2023-01-27,37.21269,15.16694,1,8.6,78,0.1,15.0
2023-01-27,37.3,6.22,0,10.2,74,22.5,29.5
2023-01-27,40.49877,17.20231,1,8.0,86,0.0,13.6
2023-01-27,40.50077,17.2071,1,8.0,86,0.0,13.6
2023-01-27,40.5037,17.20292,1,8.0,86,0.0,13.6
2023-01-27,40.5065,17.21008,1,8.0,86,0.0,13.6
2023-01-27,40.50815,17.21074,1,8.0,86,0.0,13.6
2023-01-27,40.51162,17.19314,1,8.0,86,0.0,13.6
2023-01-27,40.51851,17.2048,1,8.0,86,0.0,13.6
2023-01-27,41.91,13.9,0,-3.8,98,0.4,7.6
2023-01-27,41.93,13.24,0,1.1,80,2.7,13.1
2023-01-27,42.11,8.06,0,10.7,61,0.0,48.9
2023-01-27,43.06,18.22,0,-1.0,73,0.4,17.8
2023-01-27,43.61,16.4,0,1.9,58,0.0,29.4
2023-01-27,44.26,13.77,0,7.4,69,4.7,26.6
2023-01-27,45.38196,11.94621,1,2.7,61,0.0,17.2
2023-01-27,46.22825,13.07501,1,1.6,56,0.3,14.0
2023-01-27,47.06,17.47,0,-0.5,88,1.3,20.1
2023-01-27,47.23,8.94,0,-2.3,85,0.4,8.8
2023-01-27,47.26,7.04,0,-6.0,96,0.4,15.8
2023-01-28,37.74262,15.04549,1,-3.2,97,2.3,8.5
2023-01-28,38.01,13.24,0,3.1,92,9.0,9.0
2023-01-28,38.68,10.63,0,10.6,73,7.3,17.0
2023-01-28,39.08044,9.01936,1,8.4,83,3.8,13.4
2023-01-28,42.17,6.49,0,9.9,62,0.7,42.8
2023-01-28,42.38,7.32,0,9.5,63,1.3,43.1
2023-01-28,45.14581,9.94297,1,2.8,77,0.0,9.4
2023-01-28,45.39374,9.26041,1,2.0,75,0.0,9.0
2023-01-28,46.22704,13.07375,1,2.7,60,0.0,13.0
2023-01-29,37.3,8.97,0,11.0,73,4.8,25.8
2023-01-29,38.06,18.78,0,12.1,71,3.6,29.0
2023-01-29,38.1,13.0,0,9.3,84,1.4,9.7
2023-01-29,38.79379,15.21137,1,7.4,62,1.3,26.3
2023-01-29,39.46052,8.74752,1,7.5,71,0.0,6.6
2023-01-29,39.78,14.74,0,12.0,61,0.0,25.2
2023-01-29,39.9882,9.69025,1,7.4,76,1.4,20.0
2023-01-29,40.55677,9.67176,1,5.2,91,3.3,12.5
2023-01-29,40.68,9.54,0,3.0,95,3.4,10.6
2023-01-29,41.07,18.29,0,10.8,61,0.0,33.5
2023-01-29,41.43,8.46,0,11.4,60,0.0,18.4
2023-01-29,41.77,18.46,0,10.0,58,0.0,32.0
2023-01-29,42.57,12.67727,1,3.0,78,0.0,15.3
2023-01-29,42.59,14.28,0,6.9,75,0.2,18.9
2023-01-29,42.74,17.02,0,9.4,61,0.0,40.5
2023-01-29,43.36413,12.5455,1,1.4,83,0.0,19.9
2023-01-29,43.49,17.19,0,-0.1,71,0.0,12.4
2023-01-29,43.51,8.16,0,10.0,56,0.0,38.5
2023-01-29,43.85,6.68,0,-0.8,61,0.0,7.4
2023-01-29,43.85445,11.09799,1,4.1,69,0.0,16.1
2023-01-29,43.92,17.25,0,-5.9,95,0.5,16.9
2023-01-29,44.78,8.08,0,0.6,78,0.0,8.2
2023-01-29,45.03,12.97,0,7.2,61,0.0,22.6
2023-01-29,45.14394,9.9416,1,2.5,78,0.0,8.8
2023-01-29,45.14621,9.94402,1,2.5,78,0.0,8.8
2023-01-29,45.22301,10.08764,1,1.9,79,0.0,9.3
2023-01-29,45.22381,10.08573,1,1.9,79,0.0,9.3
2023-01-29,45.36974,10.85548,1,1.2,82,0.0,10.9
2023-01-29,45.38206,11.94769,1,2.8,74,0.0,11.4
2023-01-29,45.39257,11.92313,1,2.8,74,0.0,11.4
2023-01-29,45.45895,10.45695,1,2.1,78,0.0,9.9
2023-01-29,45.46214,10.45417,1,2.1,78,0.0,9.9
2023-01-29,45.46237,10.45788,1,2.1,78,0.0,9.9
2023-01-29,45.5089,10.2457,1,1.5,79,0.0,11.4
2023-01-29,45.51674,11.49828,1,0.9,79,0.0,12.9
2023-01-29,45.5184,11.49883,1,0.9,79,0.0,12.9
2023-01-29,45.52008,11.49922,1,0.9,79,0.0,12.9
2023-01-29,45.63831,9.60469,1,1.2,76,0.0,9.3
2023-01-29,45.81,7.01,0,-10.8,57,0.0,6.6
2023-01-29,46.16,11.64,0,-11.5,64,0.0,5.2
2023-01-29,46.4718,11.32335,1,4.0,50,0.0,4.8
2023-01-29,46.66,9.15,0,-9.8,65,0.0,4.3
2023-01-29,47.28,6.16,0,0.5,81,0.0,15.3
2023-01-30,36.17,12.69,0,13.6,65,0.5,32.6
2023-01-30,36.45,18.68,0,13.3,65,6.7,40.5
2023-01-30,36.63,8.56,0,5.9,89,0.5,19.3
2023-01-30,36.86,8.19,0,8.4,88,2.5,18.2
2023-01-30,37.21181,15.16825,1,9.9,69,0.0,19.6
2023-01-30,38.79351,15.20934,1,7.8,59,0.2,37.9
2023-01-30,39.44,17.78,0,11.6,67,0.7,39.2
2023-01-30,40.31416,15.89854,1,3.4,82,0.0,12.7
2023-01-30,40.55606,9.67019,1,6.2,77,0.0,12.9
2023-01-30,40.7,9.1,0,5.6,85,0.3,19.1
2023-01-30,41.19,17.68,0,11.5,65,1.3,35.9
2023-01-30,41.85,13.74,0,-2.4,68,0.0,7.5
2023-01-30,42.57173,12.67471,1,3.1,78,0.0,6.9
2023-01-30,42.57257,12.67424,1,3.1,78,0.0,6.9
2023-01-30,42.79,15.45,0,10.7,62,0.3,27.4
2023-01-30,43.75,11.91,0,-0.4,84,0.0,12.3
2023-01-30,43.78,6.16,0,1.2,53,0.0,13.5
2023-01-30,43.97,15.5,0,5.0,75,0.0,14.8
2023-01-30,44.05,9.98,0,5.4,73,0.0,8.0
2023-01-30,44.36,16.43,0,-1.0,78,0.0,6.5
2023-01-30,44.66,14.93,0,4.0,72,0.0,7.6
2023-01-30,44.77,8.44,0,2.4,82,0.0,10.8
2023-01-30,45.00256,7.6515,1,0.6,84,0.0,8.2
2023-01-30,45.14404,9.94299,1,2.2,87,0.0,13.1
2023-01-30,45.14456,9.94427,1,2.2,87,0.0,13.1
2023-01-30,45.14504,9.9387,1,2.2,87,0.0,13.1
2023-01-30,45.14685,9.94529,1,2.2,87,0.0,13.1
2023-01-30,45.15306,9.94579,1,2.2,87,0.0,13.1
2023-01-30,45.39,7.8,0,3.6,46,0.0,5.3
2023-01-30,45.45824,10.45561,1,2.3,81,0.0,18.7
2023-01-30,45.46085,10.45791,1,2.3,81,0.0,18.7
2023-01-30,45.46129,10.45491,1,2.3,81,0.0,18.7
2023-01-30,45.46129,10.45604,1,2.3,81,0.0,18.7
2023-01-30,46.27,12.34,0,-3.4,65,0.0,12.8
2023-01-30,47.44,12.55,0,-8.5,69,2.2,17.8
2023-01-31,36.45,11.31,0,13.1,73,0.3,43.5
2023-01-31,36.92,15.81,0,13.3,63,0.2,35.5
2023-01-31,37.0,15.57,0,13.3,63,0.0,36.0
2023-01-31,37.21074,15.16766,1,10.8,68,0.3,29.2
2023-01-31,37.43745,15.02874,1,10.1,75,0.3,25.3
2023-01-31,37.67,6.89,0,13.4,68,0.9,42.9
2023-01-31,37.75126,15.02573,1,-5.6,93,2.0,9.5
2023-01-31,37.7518,15.02095,1,-8.2,93,2.0,9.5
2023-01-31,38.18,9.34,0,13.0,69,0.4,50.1
2023-01-31,38.62,17.11,0,12.6,56,0.1,49.0
2023-01-31,38.77,8.68,0,12.8,70,0.6,55.4
2023-01-31,38.77,9.45,0,12.9,66,0.0,45.4
2023-01-31,38.89094,16.50838,1,8.9,64,1.6,26.1
2023-01-31,38.94661,16.47374,1,5.6,66,1.8,26.4
2023-01-31,40.22,6.82,0,12.4,68,1.4,55.7
2023-01-31,40.5022,17.21887,1,8.8,64,0.0,30.8
2023-01-31,40.52929,17.4425,1,7.4,59,0.1,29.5
2023-01-31,40.53,9.69,0,7.6,80,0.0,11.1
2023-01-31,40.72,14.82,0,3.9,67,0.0,16.4
2023-01-31,41.52,11.89,0,11.9,66,0.0,32.5
2023-01-31,41.61,12.7,0,8.2,68,0.0,15.9
2023-01-31,42.57251,12.67253,1,6.4,71,0.0,7.9
2023-01-31,42.57357,12.67349,1,6.4,71,0.0,7.9
2023-01-31,43.25,11.54,0,5.1,70,0.0,10.4
2023-01-31,43.97,6.91,0,4.5,44,0.0,6.5
2023-01-31,44.01384,8.14612,1,7.4,62,0.0,12.6
2023-01-31,44.63,16.05,0,0.7,69,0.0,14.6
2023-01-31,44.9,17.78,0,2.1,72,0.2,19.7
2023-01-31,45.14187,9.94184,1,2.1,90,0.0,10.8
2023-01-31,45.14411,9.94444,1,2.1,90,0.0,10.8
2023-01-31,45.14496,9.943,1,2.1,90,0.0,10.8
2023-01-31,45.14518,9.9382,1,2.1,90,0.0,10.8
2023-01-31,45.14672,9.94449,1,2.1,90,0.0,10.8
2023-01-31,45.38405,11.94693,1,2.7,85,0.0,15.5
2023-01-31,45.46004,10.45601,1,2.9,84,0.0,13.3
2023-01-31,45.46024,10.45581,1,2.9,84,0.0,13.3
2023-01-31,45.46164,10.45544,1,2.9,84,0.0,13.3
2023-01-31,45.47685,10.2113,1,2.8,79,0.0,11.8
2023-01-31,45.47841,10.21144,1,2.8,79,0.0,11.8
2023-01-31,45.5089,10.24278,1,2.8,79,0.0,11.8
2023-01-31,45.51667,11.49755,1,3.3,83,0.0,16.5
2023-01-31,45.78208,8.68571,1,5.9,53,0.0,11.6
2023-01-31,45.84,10.89,0,-2.5,49,0.0,6.5
2023-01-31,46.2285,13.07401,1,3.0,66,0.0,15.5
2023-01-31,46.22994,13.07482,1,3.0,66,0.0,15.5
2023-01-31,46.46,12.14,0,-8.9,55,0.0,13.1
2023-02-01,36.63,9.04,0,10.1,74,0.0,16.1
2023-02-01,37.43805,15.03015,1,8.6,74,0.0,13.8
2023-02-01,37.43864,15.02895,1,8.6,74,0.0,13.8
2023-02-01,37.77,13.18,0,6.4,72,0.0,8.7
2023-02-01,38.20394,15.26774,1,9.2,64,0.0,11.0
2023-02-01,38.78912,15.2122,1,7.8,49,0.0,20.3
2023-02-01,38.79094,15.21538,1,9.0,50,0.0,20.3
2023-02-01,38.7915,15.20573,1,7.8,49,0.0,20.3
2023-02-01,38.79215,15.2041,1,9.9,50,0.0,20.3
2023-02-01,38.79252,15.21009,1,7.8,49,0.0,20.3
2023-02-01,38.79419,15.2179,1,9.0,50,0.0,20.3
2023-02-01,38.87021,16.46056,1,7.1,65,0.0,24.6
2023-02-01,39.08005,9.01597,1,11.7,73,0.1,11.8
2023-02-01,39.83,7.61,0,13.1,68,0.0,37.1
2023-02-01,40.09447,15.49732,1,7.4,77,0.0,10.5
2023-02-01,40.19,6.28,0,12.8,71,0.0,46.8
2023-02-01,40.49974,17.20363,1,7.6,68,0.0,13.5
2023-02-01,40.5009,17.20433,1,7.6,68,0.0,13.5
2023-02-01,40.50268,17.20674,1,7.6,68,0.0,13.5
2023-02-01,40.50538,17.20948,1,7.6,68,0.0,13.5
2023-02-01,40.5065,17.21014,1,7.6,68,0.0,13.5
2023-02-01,40.50721,17.2074,1,7.6,68,0.0,13.5
2023-02-01,40.50824,17.17307,1,7.6,68,0.0,13.5
2023-02-01,40.51626,17.20875,1,7.6,68,0.0,13.5
2023-02-01,40.5196,17.20521,1,7.6,68,0.0,13.5
2023-02-01,40.52026,17.20281,1,7.6,68,0.0,13.5
2023-02-01,40.55837,9.67064,1,6.7,82,0.0,11.6
2023-02-01,41.3,10.46,0,12.2,72,0.1,22.0
2023-02-01,41.4,12.89,0,8.4,71,0.0,11.2
2023-02-01,41.54,10.4,0,12.2,74,0.3,23.8
2023-02-01,41.7,11.03,0,12.4,67,0.0,18.5
2023-02-01,41.99,7.42,0,11.9,73,0.0,31.8
2023-02-01,42.83,9.65,0,11.3,79,0.0,11.1
2023-02-01,42.97,6.0,0,11.0,69,0.0,21.3
2023-02-01,43.19,18.37,0,-6.1,79,0.2,7.9
2023-02-01,43.47,16.63,0,4.4,71,0.0,6.6
2023-02-01,43.68,10.57,0,6.4,84,0.0,11.5
2023-02-01,43.7,10.81,0,6.5,89,0.0,13.1
2023-02-01,44.2,10.61,0,0.6,82,0.0,10.8
2023-02-01,44.43,17.72,0,-0.0,64,0.1,13.9
2023-02-01,45.10643,7.72287,1,3.6,66,0.0,8.4
2023-02-01,45.10905,7.72032,1,3.6,66,0.0,8.4
2023-02-01,45.10923,7.72625,1,3.6,66,0.0,8.4
2023-02-01,45.14344,9.94456,1,6.2,86,0.0,15.5
2023-02-01,45.14423,9.94524,1,6.2,86,0.0,15.5
2023-02-01,45.14462,9.93952,1,6.2,86,0.0,15.5
2023-02-01,45.14658,9.94166,1,6.2,86,0.0,15.5
2023-02-01,45.35,17.55,0,4.1,68,0.0,11.5
2023-02-01,45.4587,10.45695,1,4.3,83,0.0,12.8
2023-02-01,45.45881,10.45605,1,4.3,83,0.0,12.8
2023-02-01,45.45949,10.45416,1,4.3,83,0.0,12.8
2023-02-01,45.47807,10.21186,1,5.0,70,0.0,12.7
2023-02-01,45.47954,10.21294,1,5.0,70,0.0,12.7
2023-02-01,45.48008,10.2145,1,5.0,70,0.0,12.7
2023-02-01,45.51656,11.49576,1,2.6,88,0.0,10.1
2023-02-01,45.5196,11.49761,1,2.6,88,0.0,10.1
2023-02-01,45.83,14.74,0,-1.2,80,0.0,11.7
2023-02-01,47.16,18.24,0,4.3,74,5.7,27.0
2023-02-01,47.29,18.46,0,4.0,76,5.4,30.0
2023-02-01,47.43,8.97,0,2.2,81,2.2,28.6
2023-02-02,36.42,16.58,0,13.8,68,0.5,27.7
2023-02-02,36.54,14.39,0,13.8,72,0.9,23.8
2023-02-02,36.84,17.62,0,14.1,59,0.0,27.2
2023-02-02,37.46,10.81,0,14.2,67,0.0,31.1
2023-02-02,37.57,8.85,0,14.2,67,0.0,34.1
2023-02-02,38.20294,15.26714,1,9.9,79,1.0,9.8
2023-02-02,38.4,10.65,0,13.5,64,0.0,32.8
2023-02-02,38.42,14.11,0,13.7,67,1.0,21.0
2023-02-02,38.71,10.98,0,13.3,67,0.0,30.3
2023-02-02,38.79135,15.21075,1,8.3,65,0.1,12.0
2023-02-02,38.91417,16.76747,1,10.2,63,0.0,23.6
2023-02-02,40.4,8.44,0,6.4,81,0.1,9.7
2023-02-02,40.49875,17.20199,1,8.2,76,0.0,11.2
2023-02-02,40.50076,17.20898,1,8.2,76,0.0,11.2
2023-02-02,40.50183,17.20497,1,8.2,76,0.0,11.2
2023-02-02,40.5036,17.21938,1,8.4,82,0.0,11.9
2023-02-02,40.50577,17.21131,1,8.2,76,0.0,11.2
2023-02-02,40.50685,17.20729,1,8.2,76,0.0,11.2
2023-02-02,40.52073,17.20247,1,8.2,76,0.0,11.2
2023-02-02,40.55568,9.67326,1,6.8,84,0.0,10.9
2023-02-02,40.62,11.26,0,13.6,62,0.0,8.7
2023-02-02,40.88,14.85,0,8.8,72,0.0,10.0
2023-02-02,40.92166,8.83669,1,9.5,84,0.0,14.1
2023-02-02,41.19,16.16,0,8.4,67,0.0,13.6
2023-02-02,41.66,6.04,0,11.5,73,0.0,52.2
2023-02-02,42.1,14.96,0,8.3,69,0.0,14.2
2023-02-02,42.75,16.73,0,12.5,68,0.1,36.5
2023-02-02,42.88,17.96,0,4.5,87,0.6,10.8
2023-02-02,42.95,10.55,0,9.2,82,0.0,13.3
2023-02-02,43.3,8.53,0,12.6,68,0.0,16.3
2023-02-02,43.82,14.84,0,11.9,74,0.1,29.2
2023-02-02,43.83,18.63,0,-2.4,85,4.2,15.5
2023-02-02,44.04,14.94,0,11.8,76,0.1,21.6
2023-02-02,44.06,14.05,0,11.3,74,0.0,27.6
2023-02-02,44.64,11.76,0,6.8,69,0.0,17.8
2023-02-02,44.72,16.25,0,1.8,86,0.4,14.3
2023-02-02,44.95316,11.02335,1,7.0,73,0.0,14.5
2023-02-02,45.14403,9.9447,1,7.9,72,0.0,20.6
2023-02-02,45.14458,9.94291,1,7.9,72,0.0,20.6
2023-02-02,45.14488,9.94363,1,7.9,72,0.0,20.6
2023-02-02,45.145,9.93948,1,7.9,72,0.0,20.6
2023-02-02,45.14722,9.94432,1,7.9,72,0.0,20.6
2023-02-02,45.15347,9.94593,1,7.9,72,0.0,20.6
2023-02-02,45.28,12.5,0,6.0,94,0.0,16.4
2023-02-02,45.38028,11.94521,1,2.3,91,0.0,8.3
2023-02-02,45.46057,10.45428,1,5.3,66,0.0,18.4
2023-02-02,45.47764,10.21014,1,6.3,59,0.0,13.9
2023-02-02,45.47862,10.21495,1,6.3,59,0.0,13.9
2023-02-02,45.4796,10.20967,1,6.3,59,0.0,13.9
2023-02-02,45.51442,10.34302,1,5.6,58,0.0,15.2
2023-02-02,45.61355,8.9303,1,8.2,49,0.0,16.3
2023-02-02,46.06,8.55,0,1.0,48,0.0,10.1
2023-02-02,46.64,17.02,0,3.1,78,1.9,18.1
2023-02-02,46.94,9.38,0,-11.0,88,2.4,7.2
2023-02-02,46.95,16.96,0,3.4,77,2.5,17.1
2023-02-02,47.33,17.88,0,1.6,82,6.1,26.4
2023-02-03,36.14,6.51,0,5.6,82,0.0,12.7
2023-02-03,36.36,6.81,0,4.3,88,0.4,11.5
2023-02-03,36.62,12.37,0,14.2,65,0.0,20.9
2023-02-03,37.21132,15.16854,1,10.3,69,0.0,10.1
2023-02-03,37.49,18.04,0,14.1,64,0.0,30.2
2023-02-03,38.03,14.41,0,10.2,81,0.0,9.2
2023-02-03,38.49,7.22,0,14.2,65,0.0,16.8
2023-02-03,38.57,9.69,0,13.7,65,0.0,21.0
2023-02-03,38.79187,15.21282,1,9.1,62,0.0,23.9
2023-02-03,39.08167,9.02041,1,10.9,82,0.0,9.7
2023-02-03,39.36,13.05,0,13.9,67,0.0,20.9
2023-02-03,39.48,17.47,0,13.5,62,0.0,34.6
2023-02-03,39.5125,15.99877,1,6.4,79,0.0,16.9
2023-02-03,39.93,7.59,0,13.3,73,0.0,27.9
2023-02-03,40.07,8.14,0,12.0,77,0.0,20.5
2023-02-03,40.27,13.78,0,13.8,73,0.0,28.6
2023-02-03,40.50172,17.20498,1,9.5,65,0.0,17.4
2023-02-03,40.50362,17.21603,1,9.5,71,0.0,15.0
2023-02-03,40.50468,17.21127,1,9.5,65,0.0,17.4
2023-02-03,40.50801,17.17671,1,9.5,65,0.0,17.4
2023-02-03,40.50869,17.21281,1,9.5,65,0.0,17.4
2023-02-03,40.51884,17.20634,1,9.5,65,0.0,17.4
2023-02-03,40.55669,9.66991,1,8.4,78,0.0,10.9
2023-02-03,41.02,13.61,0,12.2,74,0.0,32.2
2023-02-03,42.57118,12.67357,1,6.7,80,0.0,9.0
2023-02-03,42.74,14.87,0,13.2,62,0.0,23.7
2023-02-03,42.99,11.5,0,7.4,87,0.0,12.8
2023-02-03,43.36376,12.54652,1,4.4,92,0.0,14.1
2023-02-03,43.8,6.27,0,4.1,48,0.0,8.9
2023-02-03,44.37,12.07,0,6.1,80,0.0,18.2
2023-02-03,44.46,10.53,0,7.4,58,0.0,20.4
2023-02-03,44.89,18.58,0,5.4,73,1.6,18.4
2023-02-03,45.01,14.62,0,9.0,68,0.0,27.0
2023-02-03,45.03,16.38,0,4.8,75,0.0,11.5
2023-02-03,45.14267,9.9433,1,7.1,72,0.0,25.2
2023-02-03,45.14601,9.94425,1,7.1,72,0.0,25.2
2023-02-03,45.1465,9.94328,1,7.1,72,0.0,25.2
2023-02-03,45.14672,9.93924,1,7.1,72,0.0,25.2
2023-02-03,45.38055,11.95067,1,4.8,89,0.0,13.2
2023-02-03,45.4579,10.45734,1,5.6,80,0.0,25.9
2023-02-03,45.477,10.21405,1,5.7,73,0.0,13.7
2023-02-03,45.47913,10.21401,1,5.7,73,0.0,13.7
2023-02-03,45.48135,10.2135,1,5.7,73,0.0,13.7
2023-02-03,45.51575,10.34464,1,4.6,68,0.0,13.2
2023-02-03,45.63786,9.60458,1,5.0,66,0.0,12.9
2023-02-03,45.73789,12.0621,1,4.1,84,0.0,11.3
2023-02-03,45.89,18.09,0,4.2,83,2.3,17.9
2023-02-03,46.68,10.38,0,-9.1,78,3.7,10.1
2023-02-03,46.68,18.68,0,3.4,85,4.6,25.3
2023-02-03,46.94,16.13,0,4.5,77,0.0,14.1
2023-02-04,37.01,6.3,0,8.6,88,2.8,26.5
2023-02-04,37.11993,15.2195,1,11.3,72,0.0,17.9
2023-02-04,37.18,12.34,0,14.1,72,0.0,41.5
2023-02-04,37.21177,15.17027,1,12.0,66,0.0,23.2
2023-02-04,37.75417,15.02453,1,-3.6,53,0.0,9.7
2023-02-04,37.75569,15.0154,1,-3.8,57,0.0,12.0
2023-02-04,37.84,8.7,0,14.2,71,0.5,41.5
2023-02-04,38.20301,15.26737,1,12.2,79,2.5,25.9
2023-02-04,38.35,8.44,0,14.0,70,0.0,41.1
2023-02-04,38.52594,16.49172,1,8.9,72,0.1,31.2
2023-02-04,38.86,13.45,0,14.0,73,0.1,45.1
2023-02-04,38.96,14.7,0,14.0,69,0.4,38.2
2023-02-04,39.0827,9.01908,1,11.5,79,0.0,17.4
2023-02-04,39.29,15.63,0,13.9,66,0.3,34.2
2023-02-04,40.24,7.96,0,13.1,72,0.0,32.5
2023-02-04,40.51667,16.87259,1,10.2,58,0.0,26.8
2023-02-04,40.52109,16.87197,1,10.2,58,0.0,26.8
2023-02-04,40.55622,9.67118,1,8.8,83,0.0,15.3
2023-02-04,40.69,14.58,0,4.0,70,1.0,14.1
2023-02-04,41.48108,15.38688,1,9.7,60,0.0,29.6
2023-02-04,42.88,8.9,0,12.5,80,0.0,47.8
2023-02-04,43.11,15.99,0,11.2,59,0.0,50.9
2023-02-04,44.69,15.77,0,0.4,73,1.1,26.2
2023-02-04,45.08,7.83,0,7.7,63,0.0,15.6
2023-02-04,45.14461,9.94071,1,9.3,75,0.0,25.5
2023-02-04,45.14569,9.94452,1,9.3,75,0.0,25.5
2023-02-04,45.35,11.1,0,5.3,84,0.0,19.0
2023-02-04,45.46031,10.45275,1,7.6,74,0.0,22.0
2023-02-04,45.47988,10.2152,1,8.5,70,0.0,20.9
2023-02-04,45.48074,10.20948,1,8.5,70,0.0,20.9
2023-02-04,45.63735,9.60194,1,10.0,52,0.0,24.5
2023-02-04,45.81985,8.26244,1,7.3,58,0.0,9.9
2023-02-04,45.82316,8.26144,1,7.3,58,0.0,9.9
2023-02-04,46.22847,13.07625,1,6.0,71,0.2,13.6
2023-02-04,46.33,16.69,0,3.0,60,0.5,42.9
2023-02-04,46.53,8.97,0,-5.6,94,8.0,15.8
2023-02-05,36.46,6.11,0,10.5,79,0.3,10.7
2023-02-05,36.68,11.14,0,13.9,69,0.4,34.0
2023-02-05,36.85,12.36,0,13.3,63,0.0,35.8
2023-02-05,37.09,16.85,0,11.0,54,0.0,53.5
2023-02-05,37.18,14.36,0,7.2,60,0.0,28.8
2023-02-05,37.25038,14.78498,1,5.8,59,0.0,31.6
2023-02-05,37.4136,14.79074,1,8.2,55,0.0,32.7
2023-02-05,37.74762,15.02505,1,-6.7,76,0.3,10.5
2023-02-05,37.74816,15.02074,1,-9.2,76,0.3,10.5
2023-02-05,37.74871,15.01636,1,-9.2,76,0.3,10.5
2023-02-05,37.74927,15.01196,1,-11.2,75,0.3,10.5
2023-02-05,37.75115,15.02592,1,-6.7,76,0.3,10.5
2023-02-05,37.7517,15.02154,1,-9.2,76,0.3,10.5
2023-02-05,37.75226,15.0171,1,-9.2,76,0.3,10.5
2023-02-05,37.75283,15.01263,1,-11.2,75,0.3,10.5
2023-02-05,37.87,12.53,0,10.4,62,0.0,24.2
2023-02-05,37.9551,15.99621,1,4.2,61,0.0,12.5
2023-02-05,38.44,12.03,0,12.1,62,0.1,39.6
2023-02-05,38.51,15.97,0,5.9,54,0.0,24.2
2023-02-05,38.79318,15.20789,1,5.2,51,0.0,51.3
2023-02-05,38.96,13.02,0,10.7,58,0.0,41.8
2023-02-05,39.11,18.72,0,8.3,63,3.1,65.7
2023-02-05,39.26,7.22,0,13.9,77,0.2,27.2
2023-02-05,39.29,18.54,0,8.0,62,2.2,66.0
2023-02-05,39.52153,16.12308,1,2.5,60,0.0,21.1
2023-02-05,39.74,15.82,0,6.0,47,0.0,26.2
2023-02-05,40.18,6.61,0,13.9,78,0.0,28.5
2023-02-05,40.2,12.45,0,10.3,59,0.2,45.4
2023-02-05,40.99561,14.41078,1,4.7,50,0.0,32.9
2023-02-05,41.18404,13.9859,1,4.7,49,0.0,28.3
2023-02-05,41.56,10.55,0,11.9,64,0.0,35.6
2023-02-05,41.57,14.78,0,1.7,60,0.0,35.9
2023-02-05,41.71,7.7,0,13.2,76,1.8,48.1
2023-02-05,41.74,7.36,0,13.2,78,5.4,48.2
2023-02-05,41.81,7.53,0,13.2,77,3.1,45.7
2023-02-05,42.19,13.59,0,-6.0,89,0.8,15.9
2023-02-05,42.3821,11.59556,1,6.9,51,0.0,28.0
2023-02-05,42.46,14.69,0,7.2,57,0.0,45.2
2023-02-05,42.56787,12.67303,1,4.0,60,0.0,14.1
2023-02-05,42.57093,12.67657,1,3.9,60,0.0,14.1
2023-02-05,42.74,14.7,0,6.8,58,0.2,47.4
2023-02-05,42.8,6.51,0,13.1,73,0.0,47.9
2023-02-05,42.85,16.21,0,5.5,55,0.0,49.4
2023-02-05,42.88,11.91,0,-0.0,63,0.0,17.8
2023-02-05,43.23861,12.76894,1,1.0,66,0.0,22.5
2023-02-05,43.27,15.33,0,5.7,57,0.0,57.9
2023-02-05,43.48,7.51,0,12.3,73,2.9,49.6
2023-02-05,43.55,6.19,0,8.1,63,3.1,21.0
2023-02-05,43.71,10.28,0,7.0,58,0.0,22.1
2023-02-05,44.01,6.5,0,4.6,66,7.8,14.2
2023-02-05,44.36,15.47,0,-5.9,60,0.1,23.4
2023-02-05,44.96,10.91,0,4.7,68,0.0,16.9
2023-02-05,45.13,7.49,0,4.2,74,1.4,10.8
2023-02-05,45.1437,9.94385,1,4.7,72,0.0,15.3
2023-02-05,45.14422,9.94038,1,4.7,72,0.0,15.3
2023-02-05,45.1451,9.93909,1,4.7,72,0.0,15.3
2023-02-05,45.45,17.67,0,-3.4,69,0.0,20.3
2023-02-05,45.47625,10.2097,1,5.3,69,0.0,17.5
2023-02-05,45.479,10.20937,1,5.3,69,0.0,17.5
2023-02-05,45.48141,10.21275,1,5.3,69,0.0,17.5
2023-02-05,45.63724,9.60048,1,4.7,70,0.0,15.6
2023-02-05,45.66,15.09,0,-5.6,73,0.0,15.3
2023-02-05,45.68,15.97,0,-0.0,55,0.2,21.3
2023-02-05,45.78,8.68188,1,4.8,71,0.0,10.8
2023-02-05,46.22759,13.07219,1,1.9,70,0.0,9.0
2023-02-05,46.22882,13.07287,1,1.9,70,0.0,9.0
2023-02-05,46.22925,13.07401,1,1.9,70,0.0,9.0
2023-02-05,46.59,10.85,0,-8.0,68,0.0,13.5
2023-02-05,46.65624,11.12655,1,1.9,55,0.0,5.1
2023-02-05,46.65653,11.12201,1,-0.9,54,0.0,5.1
2023-02-05,46.66107,11.12618,1,1.9,55,0.0,5.1
2023-02-05,46.83,12.99,0,-10.5,76,0.0,8.4
2023-02-05,47.43,15.02,0,-5.7,77,0.6,13.8
2023-02-06,36.2,18.03,0,9.5,61,1.2,53.5
2023-02-06,36.36,11.99,0,11.7,61,2.5,24.6
2023-02-06,36.81,8.21,0,11.0,89,3.0,12.8
2023-02-06,36.82558,14.47734,1,7.4,56,0.0,20.1
2023-02-06,36.85584,14.45108,1,7.1,62,0.2,17.7
2023-02-06,36.97141,14.45023,1,6.4,61,0.2,17.7
2023-02-06,36.98088,14.37002,1,7.4,67,0.2,17.2
2023-02-06,36.98398,14.36973,1,7.4,67,0.2,17.2
2023-02-06,37.03235,14.42111,1,7.4,67,0.2,17.2
2023-02-06,37.03282,14.41516,1,7.4,67,0.2,17.2
2023-02-06,37.03497,14.42142,1,7.4,67,0.2,17.2
2023-02-06,37.03547,14.41554,1,6.1,57,0.1,13.8
2023-02-06,37.06824,14.50086,1,5.3,60,0.0,13.4
2023-02-06,38.09,10.53,0,11.2,73,7.9,42.3
2023-02-06,38.15859,16.15398,1,4.3,56,0.0,27.1
2023-02-06,39.49288,15.98555,1,-0.2,61,0.0,14.8
2023-02-06,40.27,9.34,0,6.4,92,14.3,24.4
2023-02-06,40.48,6.96,0,12.2,74,9.7,50.3
2023-02-06,40.51683,17.20634,1,3.4,55,0.0,24.7
2023-02-06,40.51768,17.20811,1,3.4,55,0.0,24.7
2023-02-06,41.43,14.09,0,2.6,59,0.0,23.9
2023-02-06,41.53,11.11,0,9.2,55,0.0,39.8
2023-02-06,42.19,14.71,0,4.5,54,0.2,24.4
2023-02-06,42.62,17.88,0,3.1,47,0.0,60.6
2023-02-06,43.21,10.66,0,2.8,51,0.0,26.1
2023-02-06,44.28,7.92,0,0.1,83,1.3,14.1
2023-02-06,44.7,10.02,0,1.0,68,0.0,15.3
2023-02-06,45.14426,9.94464,1,3.5,72,0.0,15.3
2023-02-06,45.1457,9.93876,1,3.5,72,0.0,15.3
2023-02-06,47.22,17.04,0,-4.2,68,0.0,15.5
2023-02-07,36.88,10.21,0,10.7,83,3.2,24.3
2023-02-07,38.27,11.22,0,10.6,60,0.1,41.5
2023-02-07,39.77139,16.44146,1,4.7,48,0.0,20.5
2023-02-07,40.18,17.54,0,6.7,58,1.0,37.0
2023-02-07,41.02,16.02,0,0.1,73,2.6,22.3
2023-02-07,42.24,8.4,0,10.0,62,3.7,22.5
2023-02-07,43.36534,12.54338,1,-0.3,65,0.0,19.5
2023-02-07,44.84,16.08,0,-3.7,70,0.0,11.3
2023-02-07,45.14367,9.94273,1,0.7,72,0.0,16.2
2023-02-07,45.28633,8.45602,1,1.8,66,0.0,20.2
2023-02-07,45.38232,11.94566,1,1.1,59,0.0,17.6
2023-02-07,45.46042,10.45435,1,0.8,73,0.0,16.9
2023-02-07,45.47903,10.2125,1,0.7,77,0.0,15.0
2023-02-07,45.48,11.16,0,0.7,67,0.0,16.2
2023-02-07,45.57313,8.20984,1,0.6,63,1.4,13.6
2023-02-07,46.22755,13.07481,1,0.4,57,0.0,12.4
2023-02-08,36.04,12.65,0,12.4,78,54.4,55.8
2023-02-08,37.11,8.53,0,11.4,78,3.4,47.9
2023-02-08,37.88,14.11,0,0.1,88,5.5,15.0
2023-02-08,38.88,12.4,0,10.0,58,1.1,40.5
2023-02-08,39.36762,16.07983,1,-1.9,79,0.0,18.6
2023-02-08,39.43,17.48,0,8.1,64,7.5,37.6
2023-02-08,40.0,16.9,0,7.6,65,8.8,32.7
2023-02-08,40.49944,17.20413,1,4.9,58,0.2,17.7
2023-02-08,40.50141,17.20405,1,4.9,58,0.2,17.7
2023-02-08,40.50441,17.21145,1,4.9,58,0.2,17.7
2023-02-08,40.55698,9.67037,1,5.2,74,5.7,18.5
2023-02-08,40.62631,18.00094,1,6.1,52,0.0,20.8
2023-02-08,40.81165,14.91466,1,0.3,64,0.0,21.8
2023-02-08,40.81558,14.91582,1,-2.0,71,0.0,21.6
2023-02-08,41.24,12.61,0,9.2,51,0.2,35.3
2023-02-08,41.65,17.89,0,6.7,58,0.3,45.4
2023-02-08,43.34,11.07,0,0.1,72,0.1,20.3
2023-02-08,43.36504,12.5458,1,-2.0,82,0.6,21.6
2023-02-08,44.05,7.2,0,-11.1,69,0.0,11.4
2023-02-08,44.17,11.2,0,-1.8,81,0.9,18.8
2023-02-08,44.67,15.78,0,-7.8,90,1.2,17.3
2023-02-08,44.99,13.07,0,4.5,59,0.0,38.5
2023-02-08,45.03012,7.58399,1,0.6,61,0.0,10.6
2023-02-08,45.1434,9.94082,1,-0.1,68,0.0,18.4
2023-02-08,45.14576,9.9446,1,-0.1,68,0.0,18.4
2023-02-08,45.14668,9.94184,1,-0.1,68,0.0,18.4
2023-02-08,45.37968,11.94711,1,1.1,56,0.0,24.1
2023-02-08,45.45777,10.45927,1,0.7,61,0.0,22.8
2023-02-08,45.46027,10.45891,1,0.7,61,0.0,22.8
2023-02-08,45.47999,10.21105,1,0.9,63,0.0,13.8
2023-02-08,45.5089,10.24582,1,0.2,65,0.0,15.3
2023-02-08,45.51584,10.34673,1,0.2,65,0.0,15.3
2023-02-08,45.51631,11.4966,1,-0.5,60,0.0,15.6
2023-02-08,45.5196,11.49774,1,-0.5,60,0.0,15.6
2023-02-08,45.58116,11.44856,1,-0.0,57,0.0,13.8
2023-02-08,45.96,13.4,0,-0.1,55,0.0,19.8
2023-02-08,46.2289,13.07508,1,-0.6,54,0.0,12.0
2023-02-08,46.36,7.44,0,-14.0,50,0.0,9.1
2023-02-08,46.41,17.82,0,-2.8,68,0.1,14.6
2023-02-08,47.0,11.73,0,-14.2,57,0.0,4.1
2023-02-08,47.43,6.17,0,-0.6,65,0.0,15.7
2023-02-09,36.36,15.29,0,12.8,79,70.2,75.5
2023-02-09,37.84,11.23,0,11.2,70,1.7,35.5
2023-02-09,39.0812,9.01723,1,7.9,69,0.6,19.5
2023-02-09,40.38,17.5,0,5.9,60,0.2,16.2
2023-02-09,40.96,8.12,0,9.0,71,4.1,41.2
2023-02-09,41.17,16.82,0,7.5,58,0.0,20.9
2023-02-09,41.67,10.11,0,8.9,59,0.8,32.1
2023-02-09,42.57121,12.67559,1,2.4,67,0.1,11.5
2023-02-09,42.7,8.19,0,8.0,65,1.8,49.3
2023-02-09,45.14504,9.94575,1,0.6,60,0.0,10.2
2023-02-09,45.38101,11.94701,1,0.9,54,0.0,22.2
2023-02-09,45.40398,11.2386,1,0.3,57,0.0,16.1
2023-02-09,45.59634,9.62462,1,0.4,57,0.0,15.1
2023-02-10,36.89,8.97,0,6.5,86,10.9,22.3
2023-02-10,37.18,7.53,0,11.0,64,6.6,29.8
2023-02-10,37.22,6.44,0,10.9,66,6.9,21.0
2023-02-10,38.65,12.5,0,11.4,70,14.8,53.9
2023-02-10,38.87,14.09,0,11.4,67,8.1,51.7
2023-02-10,39.08226,9.02028,1,8.6,66,0.1,25.5
2023-02-10,39.81,15.61,0,8.3,58,2.1,31.8
2023-02-10,40.26,6.48,0,10.5,60,6.3,36.5
2023-02-10,40.89,9.82,0,9.8,60,0.5,39.3
2023-02-10,41.28073,14.53558,1,2.8,71,0.0,18.9
2023-02-10,41.97,14.73,0,3.8,70,0.0,19.2
2023-02-10,43.45,18.56,0,-12.2,77,0.0,12.4
2023-02-10,43.54,9.99,0,7.1,57,0.0,21.3
2023-02-10,43.55,18.02,0,-7.8,70,0.0,8.0
2023-02-10,44.19,17.57,0,-7.3,65,0.0,7.6
2023-02-10,44.92,14.77,0,1.9,53,0.0,22.7
2023-02-10,45.09,11.76,0,-0.4,71,0.0,11.0
2023-02-10,45.14126,9.94123,1,0.7,72,0.0,8.0
2023-02-10,45.14404,9.94188,1,0.7,72,0.0,8.0
2023-02-10,45.1444,9.94271,1,0.7,72,0.0,8.0
2023-02-10,45.14558,9.94314,1,0.7,72,0.0,8.0
2023-02-10,45.14647,9.94103,1,0.7,72,0.0,8.0
2023-02-10,45.14673,9.94458,1,0.7,72,0.0,8.0
2023-02-10,45.41935,7.59795,1,2.8,40,0.0,6.9
2023-02-10,45.45719,10.45713,1,0.0,73,0.0,9.2
2023-02-10,45.46055,10.45446,1,0.0,73,0.0,9.2
2023-02-10,45.46169,10.45788,1,0.0,73,0.0,9.2
2023-02-10,45.46222,10.45437,1,0.0,73,0.0,9.2
2023-02-10,45.4628,10.45613,1,0.0,73,0.0,9.2
2023-02-10,45.47947,10.21182,1,1.0,67,0.0,8.7
2023-02-10,45.73,9.88,0,0.7,58,0.0,7.1
2023-02-10,46.22873,13.07631,1,1.0,55,0.0,11.9
2023-02-10,46.35,18.02,0,-2.3,67,0.0,10.1
2023-02-10,46.73,13.52,0,-7.4,66,0.0,6.0
2023-02-10,46.91,14.6,0,-5.9,58,0.0,4.8
2023-02-11,36.33,18.15,0,12.9,61,0.0,31.4
2023-02-11,36.41,11.81,0,13.0,67,0.3,36.9
2023-02-11,36.47,13.73,0,13.0,64,0.2,40.3
2023-02-11,36.49,12.47,0,12.9,66,0.2,33.9
2023-02-11,36.54,8.42,0,4.7,77,0.1,7.8
2023-02-11,36.62,6.69,0,5.8,79,0.0,10.4
2023-02-11,37.05,13.46,0,12.3,63,0.0,24.4
2023-02-11,37.37,13.74,0,6.1,83,0.4,11.8
2023-02-11,37.43758,15.02973,1,10.5,70,0.0,18.6
2023-02-11,37.74976,15.01973,1,-8.7,88,0.0,6.1
2023-02-11,37.75013,15.01609,1,-8.7,88,0.0,6.1
2023-02-11,38.3,12.78,0,12.5,63,0.2,16.1
2023-02-11,38.31,13.75,0,12.0,63,0.0,15.9
2023-02-11,38.47,14.89,0,11.7,60,0.0,18.4
2023-02-11,38.49,12.97,0,12.6,62,0.0,13.4
2023-02-11,38.57,7.21,0,11.8,54,0.0,19.8
2023-02-11,38.62,7.29,0,11.8,55,0.0,20.7
2023-02-11,38.7,9.72,0,11.1,54,0.0,25.6
2023-02-11,38.7,18.04,0,12.0,58,0.0,30.2
2023-02-11,38.79246,15.20702,1,6.7,59,0.0,17.4
2023-02-11,39.06,11.29,0,11.5,57,0.0,19.2
2023-02-11,39.08007,9.01784,1,8.9,68,0.0,8.1
2023-02-11,39.0807,9.01818,1,8.9,68,0.0,8.1
2023-02-11,39.08404,9.02446,1,8.9,68,0.0,8.1
2023-02-11,39.0868,9.01333,1,8.9,68,0.0,8.1
2023-02-11,39.87432,18.21808,1,8.0,71,0.0,18.1
2023-02-11,39.87457,18.22153,1,8.0,71,0.0,18.1
2023-02-11,39.94,12.39,0,12.1,59,0.0,21.4
2023-02-11,40.08,16.11,0,-1.2,80,0.0,7.2
2023-02-11,40.33,17.72,0,8.1,75,0.0,18.7
2023-02-11,40.44,9.74,0,6.8,75,0.0,16.0
2023-02-11,40.50077,17.21693,1,8.2,76,0.0,14.2
2023-02-11,40.50132,17.21426,1,7.8,72,0.0,15.3
2023-02-11,40.50585,17.20878,1,7.8,72,0.0,15.3
2023-02-11,40.50666,17.21072,1,7.8,72,0.0,15.3
2023-02-11,40.51889,17.205,1,7.8,72,0.0,15.3
2023-02-11,40.52191,17.20552,1,7.8,72,0.0,15.3
2023-02-11,40.63528,17.98937,1,9.8,66,0.0,22.0
2023-02-11,40.9035,14.71471,1,3.3,71,0.0,15.6
2023-02-11,41.05,9.91,0,10.4,61,0.0,32.4
2023-02-11,41.33817,15.57916,1,5.4,71,0.0,16.8
2023-02-11,41.42,7.81,0,10.8,61,0.0,22.2
2023-02-11,41.45,16.97,0,11.0,68,0.0,36.7
2023-02-11,41.78,11.28,0,9.9,63,0.0,25.2
2023-02-11,42.34,7.65,0,10.9,57,0.0,19.8
2023-02-11,42.56,10.08,0,10.1,50,0.0,25.3
2023-02-11,42.91,16.43,0,10.2,58,0.0,29.5
2023-02-11,43.14,17.46,0,2.1,63,0.0,7.7
2023-02-11,43.27,11.6,0,2.3,56,0.0,8.2
2023-02-11,43.73,17.36,0,-5.0,51,0.0,15.4
2023-02-11,44.4,15.49,0,-2.4,32,0.0,11.6
2023-02-11,45.06,11.73,0,0.8,70,0.0,11.6
2023-02-11,45.14543,9.94363,1,0.9,72,0.0,10.2
2023-02-11,45.14546,9.93903,1,0.9,72,0.0,10.2
2023-02-11,45.14628,9.94174,1,0.9,72,0.0,10.2
2023-02-11,45.38032,11.94494,1,0.6,63,0.0,12.3
2023-02-11,45.38221,11.9445,1,0.6,63,0.0,12.3
2023-02-11,45.39,16.32,0,1.0,51,0.0,8.9
2023-02-11,45.4269,10.99976,1,2.4,62,0.0,10.9
2023-02-11,45.45791,10.45848,1,2.1,64,0.0,12.8
2023-02-11,45.4598,10.45138,1,2.1,64,0.0,12.8
2023-02-11,45.46058,10.45458,1,2.1,64,0.0,12.8
2023-02-11,45.47,16.12,0,0.3,58,0.0,8.2
2023-02-11,45.47688,10.21101,1,2.1,65,0.0,13.4
2023-02-11,45.47688,10.21198,1,2.1,65,0.0,13.4
2023-02-11,45.47965,10.20932,1,2.1,65,0.0,13.4
2023-02-11,45.5,16.74,0,-0.3,65,0.0,9.1
2023-02-11,45.50954,10.24415,1,2.1,65,0.0,13.4
2023-02-11,45.50972,10.24576,1,1.9,64,0.0,9.4
2023-02-11,45.51068,10.24716,1,1.9,64,0.0,9.4
2023-02-11,45.52,6.01,0,3.1,49,0.0,6.5
2023-02-11,45.68209,9.46561,1,2.7,52,0.0,11.8
2023-02-11,45.76,9.63,0,3.1,35,0.0,5.9
2023-02-11,45.78148,8.6818,1,4.3,64,0.0,9.3
2023-02-11,45.79,15.68,0,1.1,48,0.0,5.7
2023-02-11,46.12929,8.22922,1,3.4,36,0.0,7.2
2023-02-11,46.12989,8.23599,1,3.3,36,0.0,7.2
2023-02-11,46.13137,8.22986,1,3.4,36,0.0,7.2
2023-02-11,46.13154,8.23062,1,3.4,36,0.0,7.2
2023-02-11,46.13323,8.24124,1,3.3,36,0.0,7.2
2023-02-11,46.13478,8.23483,1,3.4,36,0.0,7.2
2023-02-11,46.13553,8.24055,1,-2.3,30,0.0,8.9
2023-02-11,46.13562,8.23178,1,2.7,24,0.0,5.4
2023-02-11,46.18,17.21,0,0.2,61,0.0,11.7
2023-02-11,47.15,17.52,0,0.7,60,0.0,18.9
2023-02-12,36.25,9.89,0,6.5,71,0.4,9.4
2023-02-12,36.26,16.67,0,13.0,60,0.4,21.6
2023-02-12,36.28,9.37,0,6.6,73,0.4,10.2
2023-02-12,37.03,14.96,0,6.3,80,0.4,7.3
2023-02-12,37.13,18.23,0,12.9,66,1.9,34.8
2023-02-12,37.25,12.48,0,12.8,66,0.1,38.7
2023-02-12,37.31,9.95,0,10.4,74,1.8,10.5
2023-02-12,37.49,15.94,0,12.6,68,1.4,32.4
2023-02-12,37.5192,14.02805,1,5.1,79,0.1,9.1
2023-02-12,37.51987,14.026,1,5.1,79,0.1,9.1
2023-02-12,37.52001,14.02486,1,5.1,79,0.1,9.1
2023-02-12,37.53,14.16,0,1.5,87,0.1,11.4
2023-02-12,37.74,6.32,0,12.6,56,0.0,20.8
2023-02-12,38.20367,15.26742,1,10.2,80,5.5,21.8
2023-02-12,38.39,14.11,0,12.9,63,1.1,21.7
2023-02-12,38.64,15.64,0,13.2,61,1.5,26.2
2023-02-12,38.67,11.91,0,12.5,67,0.3,24.1
2023-02-12,39.08165,9.02092,1,9.2,74,0.0,14.3
2023-02-12,39.56,8.12,0,11.5,67,0.0,21.3
2023-02-12,40.0,18.35,0,8.9,71,0.0,26.0
2023-02-12,40.34,11.38,0,12.2,71,0.0,27.2
2023-02-12,40.50014,17.21476,1,8.1,70,0.2,18.5
2023-02-12,40.50034,17.2033,1,8.1,70,0.2,18.5
2023-02-12,40.50167,17.20555,1,8.1,70,0.2,18.5
2023-02-12,40.50613,17.21339,1,8.1,70,0.2,18.5
2023-02-12,40.50665,17.2086,1,8.1,70,0.2,18.5
2023-02-12,40.50909,17.2082,1,8.1,70,0.2,18.5
2023-02-12,40.5165,17.20742,1,8.1,70,0.2,18.5
2023-02-12,41.01,10.88,0,12.1,69,0.0,31.6
2023-02-12,41.58,11.58,0,12.6,65,0.0,31.9
2023-02-12,42.02,11.15,0,12.2,65,0.0,32.4
2023-02-12,42.18,8.23,0,11.3,70,0.0,12.6
2023-02-12,43.45,15.05,0,11.9,59,0.0,40.2
2023-02-12,43.71,18.06,0,-2.6,81,3.0,13.0
2023-02-12,44.14,12.16,0,3.9,68,0.0,9.4
2023-02-12,44.37,8.65,0,9.3,83,0.0,17.6
2023-02-12,44.9,7.55,0,4.1,50,0.0,9.4
2023-02-12,45.06,7.63,0,3.8,51,0.0,10.4
2023-02-12,45.14393,9.94526,1,4.0,72,0.0,12.2
2023-02-12,45.14458,9.94122,1,4.0,72,0.0,12.2
2023-02-12,45.14532,9.93871,1,4.0,72,0.0,12.2
2023-02-12,45.1455,9.94449,1,4.0,72,0.0,12.2
2023-02-12,45.37942,11.94623,1,3.8,71,0.0,9.9
2023-02-12,45.38082,11.95119,1,3.8,71,0.0,9.9
2023-02-12,45.38319,11.94695,1,3.8,71,0.0,9.9
2023-02-12,45.38344,11.94811,1,3.8,71,0.0,9.9
2023-02-12,45.45982,10.45371,1,5.4,63,0.0,14.7
2023-02-12,45.45988,10.4535,1,5.4,63,0.0,14.7
2023-02-12,45.4631,10.45232,1,5.4,63,0.0,14.7
2023-02-12,45.47934,10.21262,1,6.0,60,0.0,13.2
2023-02-12,45.50872,10.24721,1,5.9,59,0.0,11.5
2023-02-12,45.96,17.38,0,4.3,73,0.0,21.6
2023-02-12,46.56,9.24,0,-2.6,55,0.0,6.2
2023-02-12,46.6,6.77,0,1.5,62,0.0,10.0
2023-02-12,47.49,15.53,0,-2.3,87,1.4,15.0
2023-02-13,36.07,6.41,0,3.8,74,0.0,11.4
2023-02-13,36.18,11.71,0,13.5,65,0.5,29.7
2023-02-13,36.8,15.61,0,12.6,71,2.8,34.6
2023-02-13,36.98,10.17,0,10.4,83,3.4,18.8
2023-02-13,37.85,6.56,0,13.2,62,0.0,19.2
2023-02-13,37.85,13.4,0,1.0,83,0.2,14.6
2023-02-13,37.87,11.38,0,13.3,64,0.3,23.2
2023-02-13,38.79435,15.21236,1,7.9,60,0.0,35.1
2023-02-13,38.94,15.4,0,12.8,62,0.3,36.2
2023-02-13,39.43,15.95,0,9.5,77,0.1,23.6
2023-02-13,39.64,17.46,0,12.4,63,0.9,36.6
2023-02-13,40.36,11.34,0,13.4,59,0.1,30.2
2023-02-13,40.50018,17.20524,1,8.8,67,0.0,17.2
2023-02-13,40.5018,17.20659,1,8.8,67,0.0,17.2
2023-02-13,40.50645,17.20862,1,8.8,67,0.0,17.2
2023-02-13,40.50948,17.20926,1,8.8,67,0.0,17.2
2023-02-13,40.55547,9.67227,1,8.2,75,0.2,12.8
2023-02-13,41.15154,13.86768,1,9.6,64,0.0,15.6
2023-02-13,41.31,14.79,0,5.2,75,0.0,18.2
2023-02-13,41.53,8.2,0,12.3,71,0.0,15.6
2023-02-13,41.69,14.31,0,3.2,80,0.0,15.8
2023-02-13,42.61,6.6,0,12.5,72,0.0,19.3
2023-02-13,42.72,11.06,0,8.3,65,0.0,20.5
2023-02-13,43.01,15.34,0,11.8,57,0.0,24.8
2023-02-13,43.1,18.4,0,-5.5,75,0.0,19.7
2023-02-13,43.36368,12.5431,1,5.1,77,0.0,14.8
2023-02-13,43.96717,10.36306,1,2.5,65,0.0,7.6
2023-02-13,43.96749,10.36165,1,2.5,65,0.0,7.6
2023-02-13,43.96807,10.35811,1,2.5,65,0.0,7.6
2023-02-13,43.96836,10.35671,1,2.5,65,0.0,7.6
2023-02-13,43.96894,10.35323,1,3.7,65,0.0,7.6
2023-02-13,43.97054,10.36404,1,2.5,65,0.0,7.6
2023-02-13,43.97141,10.35917,1,2.5,65,0.0,7.6
2023-02-13,43.97722,10.35629,1,3.6,65,0.0,7.6
2023-02-13,44.4,17.37,0,-1.6,80,0.0,7.9
2023-02-13,44.94,8.66,0,4.2,76,0.0,8.9
2023-02-13,45.14497,9.94124,1,4.8,80,0.0,10.8
2023-02-13,45.14515,9.94318,1,4.8,80,0.0,10.8
2023-02-13,45.1458,9.9408,1,4.8,80,0.0,10.8
2023-02-13,45.38042,11.95078,1,5.6,72,0.0,11.5
2023-02-13,45.38143,11.94545,1,5.6,72,0.0,11.5
2023-02-13,45.42635,9.16697,1,5.0,75,0.0,8.6
2023-02-13,45.44,12.74,0,8.3,77,0.0,18.7
2023-02-13,45.4591,10.45877,1,6.2,73,0.0,11.8
2023-02-13,45.45996,10.45379,1,6.2,73,0.0,11.8
2023-02-13,45.58,9.83,0,6.2,69,0.0,10.7
2023-02-13,45.62143,9.32117,1,5.4,68,0.0,10.5
2023-02-13,45.74,7.72,0,-1.2,47,0.0,5.2
2023-02-13,45.95,13.88,0,-0.3,78,0.0,8.9
2023-02-13,46.08,8.34,0,0.5,53,0.0,5.2
2023-02-13,46.22902,13.07435,1,5.0,73,0.0,9.3
2023-02-13,46.74,12.45,0,1.3,59,0.0,6.4
2023-02-14,36.15,14.62,0,13.5,70,0.4,30.5
2023-02-14,37.57,7.31,0,13.7,64,0.0,21.0
2023-02-14,37.71,16.96,0,12.8,65,0.1,33.7
2023-02-14,37.92,7.16,0,13.9,63,0.0,22.8
2023-02-14,38.24,10.01,0,13.1,56,0.0,13.8
2023-02-14,38.79301,15.21391,1,8.7,62,0.0,26.0
2023-02-14,38.79394,15.20916,1,8.7,62,0.0,26.0
2023-02-14,39.06,15.88,0,13.2,66,0.0,18.8
2023-02-14,39.14,14.21,0,13.6,64,0.0,26.6
2023-02-14,39.18,9.76,0,12.7,66,0.0,20.9
2023-02-14,39.52272,16.13488,1,6.9,74,0.0,15.3
2023-02-14,40.26,10.75,0,12.7,63,0.0,16.5
2023-02-14,40.35682,16.76389,1,8.8,67,0.0,16.6
2023-02-14,40.46,15.76,0,1.4,67,0.0,12.3
2023-02-14,40.49946,17.20556,1,9.3,73,0.0,21.7
2023-02-14,40.50379,17.21665,1,9.8,76,0.0,22.0
2023-02-14,40.50694,17.20823,1,9.3,73,0.0,21.7
2023-02-14,40.51942,17.20615,1,9.3,73,0.0,21.7
2023-02-14,40.55707,9.67228,1,7.2,82,0.0,7.6
2023-02-14,40.92,9.39,0,8.5,77,0.0,10.4
2023-02-14,42.00834,12.71556,1,6.7,76,0.0,6.6
2023-02-14,42.57091,12.67405,1,6.8,73,0.0,7.1
2023-02-14,42.57274,12.67721,1,6.7,73,0.0,7.1
2023-02-14,42.91,9.19,0,10.0,83,0.0,10.8
2023-02-14,43.05,15.78,0,12.5,70,0.0,30.6
2023-02-14,43.27,15.75,0,11.7,70,0.0,32.5
2023-02-14,43.36397,12.54423,1,5.7,70,0.0,6.9
2023-02-14,44.6,17.92,0,3.4,79,0.0,10.2
2023-02-14,44.66,14.99,0,3.2,60,0.0,9.6
2023-02-14,45.14421,9.94434,1,5.1,83,0.0,12.8
2023-02-14,45.1449,9.9389,1,5.1,83,0.0,12.8
2023-02-14,45.38221,11.94746,1,5.1,82,0.0,9.5
2023-02-14,45.42781,11.0015,1,6.6,82,0.0,11.3
2023-02-14,45.4287,11.0006,1,6.6,82,0.0,11.3
2023-02-14,45.45976,10.45444,1,6.2,81,0.0,13.8
2023-02-14,45.48092,10.20979,1,6.2,77,0.0,12.0
2023-02-14,45.51,9.07,0,4.2,78,0.0,10.6
2023-02-14,46.00565,13.25203,1,4.9,74,0.0,13.1
2023-02-14,46.28,14.3,0,2.1,73,0.0,6.9
2023-02-14,47.09,18.64,0,2.9,83,0.0,18.4
2023-02-14,47.25,15.25,0,1.5,75,0.0,15.0
2023-02-15,36.46,8.96,0,8.4,68,0.0,10.5
2023-02-15,36.78,18.21,0,14.2,65,0.0,28.8
2023-02-15,37.21165,15.17085,1,10.1,72,0.0,8.2
2023-02-15,37.27,12.19,0,13.1,66,0.0,17.3
2023-02-15,37.29,14.58,0,8.6,75,0.0,11.1
2023-02-15,37.43719,15.03161,1,10.0,76,0.0,10.9
2023-02-15,37.43783,15.03176,1,10.0,76,0.0,10.9
2023-02-15,37.8,9.04,0,13.5,67,0.0,17.8
2023-02-15,38.16,17.71,0,13.6,68,0.0,34.7
2023-02-15,39.13,15.63,0,13.9,72,0.0,21.5
2023-02-15,39.38,16.42,0,3.2,59,0.0,8.7
2023-02-15,39.52,7.73,0,12.7,72,0.0,11.3
2023-02-15,39.55,18.71,0,13.0,69,0.0,32.0
2023-02-15,39.76,13.67,0,13.5,77,0.0,26.7
2023-02-15,40.04,8.32,0,9.5,86,0.0,10.3
2023-02-15,40.24379,9.00646,1,7.5,85,0.0,11.0
2023-02-15,40.33,15.41,0,6.7,54,0.0,7.8
2023-02-15,40.47,14.0,0,13.7,81,0.0,21.9
2023-02-15,40.50125,17.2053,1,9.3,75,0.0,11.4
2023-02-15,40.5023,17.2198,1,9.3,77,0.0,12.0
2023-02-15,40.50304,17.21527,1,9.3,77,0.0,12.0
2023-02-15,40.50708,17.21168,1,9.3,75,0.0,11.4
2023-02-15,40.51038,17.21261,1,9.3,75,0.0,11.4
2023-02-15,40.52767,17.37875,1,8.7,76,0.0,14.0
2023-02-15,40.55843,9.6728,1,7.5,75,0.0,6.6
2023-02-15,40.62695,18.00218,1,10.3,74,0.0,14.8
2023-02-15,40.67234,16.65887,1,7.8,75,0.0,14.5
2023-02-15,40.67506,16.65705,1,8.5,75,0.0,14.5
2023-02-15,40.72449,14.98265,1,7.0,56,0.0,8.0
2023-02-15,40.72812,14.9817,1,7.1,51,0.0,12.1
2023-02-15,40.89,10.08,0,12.0,79,0.0,22.7
2023-02-15,40.99,14.21,0,7.2,81,0.0,7.0
2023-02-15,41.16,7.67,0,12.4,71,0.0,5.6
2023-02-15,41.5,17.7,0,12.9,60,0.0,19.8
2023-02-15,41.73,16.75,0,13.1,69,0.1,28.9
2023-02-15,41.79,8.21,0,12.1,75,0.0,12.4
2023-02-15,41.83931,12.95821,1,5.0,70,0.0,6.5
2023-02-15,42.38,8.5,0,11.9,89,0.0,7.6
2023-02-15,42.41,9.9,0,11.9,83,0.0,14.2
2023-02-15,43.85,7.04,0,7.9,73,0.0,9.7
2023-02-15,43.92459,10.73746,1,10.6,52,0.0,5.5
2023-02-15,44.1,9.22,0,12.4,82,0.0,11.2
2023-02-15,44.22,13.88,0,11.8,77,0.0,25.9
2023-02-15,44.56451,10.78582,1,6.8,72,0.0,7.2
2023-02-15,44.64,18.0,0,3.8,75,0.0,8.8
2023-02-15,44.67,18.21,0,3.0,79,0.0,9.2
2023-02-15,44.76,13.89,0,10.7,78,0.0,22.2
2023-02-15,44.88,15.39,0,0.7,76,0.0,9.8
2023-02-15,44.89,11.26,0,6.3,82,0.0,11.2
2023-02-15,44.9,9.17,0,8.3,64,0.0,11.2
2023-02-15,44.93981,12.2401,1,5.3,84,0.0,11.7
2023-02-15,44.9408,12.24368,1,5.3,84,0.0,11.7
2023-02-15,45.07724,11.48069,1,6.7,81,0.0,7.9
2023-02-15,45.08,15.62,0,2.8,77,0.0,5.6
2023-02-15,45.1,6.79,0,-4.3,31,0.0,3.2
2023-02-15,45.14375,9.94324,1,5.4,88,0.0,10.3
2023-02-15,45.14487,9.93947,1,5.4,88,0.0,10.3
2023-02-15,45.14561,9.94159,1,5.4,88,0.0,10.3
2023-02-15,45.14695,9.94144,1,5.4,88,0.0,10.3
2023-02-15,45.14718,9.94393,1,5.4,88,0.0,10.3
2023-02-15,45.37132,10.32922,1,5.8,88,0.0,11.3
2023-02-15,45.3815,11.94448,1,6.2,80,0.0,8.7
2023-02-15,45.38377,11.94923,1,6.2,80,0.0,8.7
2023-02-15,45.42823,11.00112,1,8.3,66,0.0,7.4
2023-02-15,45.44,8.84,0,5.7,79,0.0,7.9
2023-02-15,45.46074,10.45701,1,7.2,85,0.0,10.1
2023-02-15,45.46148,10.45413,1,7.2,85,0.0,10.1
2023-02-15,45.47771,10.21106,1,8.4,77,0.0,8.6
2023-02-15,45.51908,11.50061,1,9.3,57,0.0,9.8
2023-02-15,45.52,14.05,0,5.2,62,0.0,8.4
2023-02-15,45.61,14.82,0,-1.2,84,0.0,6.9
2023-02-15,45.75,12.83,0,6.3,74,0.0,13.1
2023-02-15,45.76,9.54,0,6.8,65,0.0,4.6
2023-02-15,45.76,17.68,0,1.9,87,0.0,9.2
2023-02-15,45.78068,8.6842,1,7.8,69,0.0,9.9
2023-02-15,46.09,13.45,0,7.0,65,0.0,12.5
2023-02-15,46.1,15.94,0,2.0,85,0.0,8.9
2023-02-15,46.13012,8.24158,1,5.7,39,0.0,8.3
2023-02-15,46.13095,8.24774,1,5.9,39,0.0,8.3
2023-02-15,46.13136,8.24143,1,5.7,39,0.0,8.3
2023-02-15,47.15,6.54,0,4.6,54,0.0,12.2
2023-02-15,47.3,14.99,0,-0.2,71,0.0,9.5
2023-02-15,47.36,9.67,0,1.5,63,0.0,7.2
2023-02-16,36.38,15.58,0,13.7,65,0.0,11.8
2023-02-16,37.02,14.6,0,8.8,79,0.0,11.3
2023-02-16,37.08,14.5,0,8.1,80,0.0,11.4
2023-02-16,37.11,15.18,0,10.3,75,0.0,19.9
2023-02-16,37.12262,15.21703,1,10.3,75,0.0,19.9
2023-02-16,37.21,7.09,0,13.6,84,0.0,17.7
2023-02-16,37.87,12.82,0,8.9,82,0.1,12.4
2023-02-16,37.95303,15.12521,1,5.6,78,0.0,5.4
2023-02-16,38.05,9.43,0,13.5,71,0.0,17.4
2023-02-16,38.45,17.15,0,13.3,76,0.0,25.8
2023-02-16,38.79142,15.21055,1,8.3,66,0.0,13.0
2023-02-16,38.7953,15.21084,1,11.4,67,0.0,13.0
2023-02-16,38.92,8.64,0,9.9,82,0.0,12.6
2023-02-16,39.25,12.12,0,12.7,77,0.0,8.6
2023-02-16,39.83,14.18,0,13.1,77,0.0,15.5
2023-02-16,40.49695,17.81115,1,9.7,75,0.0,11.6
2023-02-16,40.50088,17.21814,1,8.5,86,0.0,8.4
2023-02-16,40.50424,17.21735,1,8.5,86,0.0,8.4
2023-02-16,40.50702,16.74106,1,8.1,82,0.0,7.9
2023-02-16,40.50846,17.21116,1,9.3,77,0.0,8.6
2023-02-16,40.5163,17.20732,1,9.3,77,0.0,8.6
2023-02-16,40.51704,17.20947,1,9.3,77,0.0,8.6
2023-02-16,40.51989,17.2081,1,9.3,77,0.0,8.6
2023-02-16,40.55562,9.67139,1,7.6,88,0.0,9.7
2023-02-16,40.58673,15.51024,1,5.9,77,0.0,11.5
2023-02-16,40.58741,15.51473,1,5.9,77,0.0,11.5
2023-02-16,40.5907,15.51387,1,5.9,77,0.0,11.5
2023-02-16,40.62783,18.0024,1,9.1,79,0.0,9.5
2023-02-16,40.67,12.62,0,12.9,76,0.0,14.2
2023-02-16,40.7,16.59,0,8.3,78,0.0,7.4
2023-02-16,40.75175,14.90578,1,7.1,85,0.0,9.7
2023-02-16,40.75246,14.9103,1,7.1,85,0.0,9.7
2023-02-16,40.77736,14.88541,1,6.7,82,0.0,10.1
2023-02-16,40.8936,15.90348,1,8.1,68,0.0,15.5
2023-02-16,41.08,17.02,0,10.2,78,0.0,15.0
2023-02-16,41.29,11.81,0,12.9,73,0.0,13.8
2023-02-16,41.39,9.4,0,12.0,81,0.0,20.2
2023-02-16,41.56546,15.24594,1,9.6,74,0.0,16.0
2023-02-16,41.72046,15.08324,1,8.8,73,0.0,13.3
2023-02-16,42.01,18.45,0,12.8,75,0.0,20.0
2023-02-16,42.96,10.1,0,12.0,78,0.2,16.6
2023-02-16,43.13,6.71,0,9.0,77,0.0,21.6
2023-02-16,44.21,13.87,0,11.8,80,0.0,19.9
2023-02-16,44.42,6.33,0,3.3,43,0.0,7.1
2023-02-16,44.66,13.92,0,11.3,88,0.0,15.7
2023-02-16,44.79208,9.80882,1,7.9,70,0.0,16.1
2023-02-16,45.12,17.78,0,4.4,81,0.0,7.6
2023-02-16,45.14328,9.94166,1,6.0,89,0.0,10.8
2023-02-16,45.14472,9.94031,1,6.0,89,0.0,10.8
2023-02-16,45.14697,9.94295,1,6.0,89,0.0,10.8
2023-02-16,45.37267,10.32941,1,5.9,88,0.0,9.5
2023-02-16,45.4571,7.87599,1,6.9,56,0.0,6.6
2023-02-16,45.45922,10.4543,1,6.8,82,0.0,7.3
2023-02-16,45.46075,10.45566,1,6.8,82,0.0,7.3
2023-02-16,45.50911,10.24648,1,7.6,80,0.0,6.1
2023-02-16,45.54,9.51,0,7.2,83,0.0,12.1
2023-02-16,45.66,10.39,0,7.2,77,0.0,7.7
2023-02-16,45.7823,8.68191,1,6.8,77,0.0,9.0
2023-02-16,47.33,10.34,0,-0.2,63,0.0,7.2
2023-02-17,36.13,15.33,0,14.2,63,0.0,18.4
2023-02-17,36.22,8.02,0,7.1,69,0.0,14.1
2023-02-17,36.74,15.57,0,13.5,69,0.0,19.3
2023-02-17,37.75302,15.01414,1,-7.5,79,0.0,5.1
2023-02-17,37.76,7.64,0,14.1,75,0.0,17.7
2023-02-17,38.05,17.26,0,13.6,72,0.0,23.4
2023-02-17,38.92,16.7,0,10.7,73,0.0,19.2
2023-02-17,39.75,12.31,0,12.8,64,0.0,12.8
2023-02-17,39.93749,18.14674,1,11.0,87,0.0,11.9
2023-02-17,39.93956,18.1485,1,11.0,87,0.0,11.9
2023-02-17,39.98,18.22,0,9.8,89,0.0,13.3
2023-02-17,40.38,14.1,0,13.4,68,0.0,19.5
2023-02-17,40.42604,16.56105,1,8.5,77,0.0,9.8
2023-02-17,40.50325,17.20779,1,9.6,81,0.0,11.1
2023-02-17,40.50583,17.20895,1,9.6,81,0.0,11.1
2023-02-17,40.50745,17.2122,1,9.6,81,0.0,11.1
2023-02-17,40.50829,17.2105,1,9.6,81,0.0,11.1
2023-02-17,40.51491,17.21031,1,9.6,81,0.0,11.1
2023-02-17,40.51653,17.20905,1,9.6,81,0.0,11.1
2023-02-17,40.51758,17.20765,1,9.6,81,0.0,11.1
2023-02-17,40.51937,17.20786,1,9.6,81,0.0,11.1
2023-02-17,40.62925,17.99838,1,8.5,91,0.0,9.7
2023-02-17,40.94,17.2,0,9.6,76,0.0,11.9
2023-02-17,40.95,17.81,0,12.5,78,0.0,17.1
2023-02-17,41.05,6.76,0,13.3,74,0.1,19.1
2023-02-17,41.05,18.56,0,13.5,75,0.0,16.4
2023-02-17,41.33,16.93,0,12.2,75,0.0,22.3
2023-02-17,41.92,7.45,0,13.0,75,0.0,18.4
2023-02-17,42.26,7.1,0,12.9,74,0.1,18.6
2023-02-17,43.52639,13.51982,1,7.8,79,0.0,13.7
2023-02-17,44.75,12.66,0,6.3,93,0.0,15.5
2023-02-17,44.91548,7.46278,1,5.9,81,0.0,8.0
2023-02-17,45.14273,9.9393,1,6.8,86,0.0,9.2
2023-02-17,45.14386,9.94276,1,6.8,86,0.0,9.2
2023-02-17,45.14451,9.93817,1,6.8,86,0.0,9.2
2023-02-17,45.14463,9.93933,1,6.8,86,0.0,9.2
2023-02-17,45.14553,9.93982,1,6.8,86,0.0,9.2
2023-02-17,45.1467,9.9411,1,6.8,86,0.0,9.2
2023-02-17,45.17,8.84,0,7.3,83,0.0,17.2
2023-02-17,45.21,18.69,0,7.2,73,0.0,15.9
2023-02-17,45.22,17.39,0,7.5,75,0.0,15.6
2023-02-17,45.36919,10.32959,1,6.3,88,0.0,16.1
2023-02-17,45.47727,10.21149,1,8.0,81,0.0,17.8
2023-02-17,45.63699,9.60656,1,7.2,81,0.0,14.5
2023-02-17,45.6373,9.60277,1,7.2,81,0.0,14.5
2023-02-17,45.63754,9.6017,1,7.2,81,0.0,14.5
2023-02-17,45.71,12.18,0,6.2,89,0.0,7.0
2023-02-17,45.78189,8.68157,1,7.6,77,0.0,5.4
2023-02-17,46.59,9.6,0,2.2,71,0.0,8.0
2023-02-17,46.69,14.13,0,5.1,67,0.0,9.5
2023-02-17,46.78,7.93,0,4.3,57,0.0,5.4
2023-02-17,47.01,8.78,0,2.1,71,1.2,6.1
2023-02-17,47.2,10.31,0,1.0,72,1.0,10.5
2023-02-17,47.42,16.69,0,7.7,68,0.2,15.4
2023-02-18,36.05,8.13,0,10.3,63,0.0,10.6
2023-02-18,36.44,7.2,0,10.4,76,0.0,10.0
2023-02-18,36.76,13.8,0,12.8,76,0.0,15.1
2023-02-18,36.90099,14.72331,1,7.7,84,0.0,10.8
2023-02-18,36.90433,14.72507,1,7.7,84,0.0,10.8
2023-02-18,36.94,12.16,0,13.4,69,0.0,17.2
2023-02-18,36.95,6.21,0,13.0,87,0.0,14.0
2023-02-18,36.98,7.81,0,12.3,88,0.0,8.4
2023-02-18,37.34073,15.09493,1,9.7,83,0.0,11.2
2023-02-18,37.78,6.13,0,14.2,80,0.0,20.2
2023-02-18,37.93,8.45,0,13.7,72,0.0,11.2
2023-02-18,38.01467,12.57377,1,9.1,79,0.0,13.0
2023-02-18,38.02,16.09,0,9.5,71,0.0,7.2
2023-02-18,38.21232,16.13407,1,7.9,74,0.0,12.8
2023-02-18,38.96723,16.5609,1,6.6,67,0.0,18.8
2023-02-18,38.96835,16.56262,1,6.6,67,0.0,18.8
2023-02-18,39.53233,16.11982,1,8.0,85,0.0,17.8
2023-02-18,39.53365,16.12767,1,8.4,79,0.0,15.0
